CREATE DATABASE  IF NOT EXISTS `mydb` /*!40100 DEFAULT CHARACTER SET utf8 */;
USE `mydb`;

-- MySQL dump 10.16  Distrib 10.1.18-MariaDB, for osx10.11 (x86_64)
--
-- Host: 127.0.0.1    Database: mydb
-- ------------------------------------------------------
-- Server version	5.7.16

/*!40101 SET @OLD_CHARACTER_SET_CLIENT=@@CHARACTER_SET_CLIENT */;
/*!40101 SET @OLD_CHARACTER_SET_RESULTS=@@CHARACTER_SET_RESULTS */;
/*!40101 SET @OLD_COLLATION_CONNECTION=@@COLLATION_CONNECTION */;
/*!40101 SET NAMES utf8 */;
/*!40103 SET @OLD_TIME_ZONE=@@TIME_ZONE */;
/*!40103 SET TIME_ZONE='+00:00' */;
/*!40014 SET @OLD_UNIQUE_CHECKS=@@UNIQUE_CHECKS, UNIQUE_CHECKS=0 */;
/*!40014 SET @OLD_FOREIGN_KEY_CHECKS=@@FOREIGN_KEY_CHECKS, FOREIGN_KEY_CHECKS=0 */;
/*!40101 SET @OLD_SQL_MODE=@@SQL_MODE, SQL_MODE='NO_AUTO_VALUE_ON_ZERO' */;
/*!40111 SET @OLD_SQL_NOTES=@@SQL_NOTES, SQL_NOTES=0 */;

--
-- Table structure for table `Bike`
--

DROP TABLE IF EXISTS `Bike`;
/*!40101 SET @saved_cs_client     = @@character_set_client */;
/*!40101 SET character_set_client = utf8 */;
CREATE TABLE `Bike` (
  `Bike_id` int(11) NOT NULL,
  `廠牌` varchar(45) NOT NULL,
  `規格` varchar(45) NOT NULL,
  `車況` varchar(45) NOT NULL,
  PRIMARY KEY (`Bike_id`)
) ENGINE=InnoDB DEFAULT CHARSET=utf8;
/*!40101 SET character_set_client = @saved_cs_client */;

--
-- Dumping data for table `Bike`
--

LOCK TABLES `Bike` WRITE;
/*!40000 ALTER TABLE `Bike` DISABLE KEYS */;
INSERT INTO `Bike` VALUES (1,'MeRiDa','Normal_Youbike','well'),(2,'MeRiDa','Normal_Youbike','well'),(3,'Giant','Normal_Youbike','well'),(4,'911','iNeed_FunCity','well'),(5,'Giant','Normal_Youbike','well'),(6,'Giant','Normal_Youbike','well'),(7,'911','iNeed_FunCity','well'),(8,'911','iNeed_FunCity','well'),(9,'911','iNeed_FunCity','bad'),(10,'Giant','Normal_Youbike','well'),(11,'Giant','Normal_Youbike','well'),(12,'911','Normal_Youbike','well'),(13,'911','Normal_Youbike','well'),(14,'911','Normal_Youbike','well'),(15,'MeRiDa','Normal_Youbike','well'),(16,'Giant','Normal_Youbike','well'),(17,'Giant','Normal_Youbike','well'),(18,'911','iNeed_FunCity','well'),(19,'911','iNeed_FunCity','well'),(20,'Giant','Normal_Youbike','well'),(21,'911','Normal_Youbike','well'),(22,'Giant','Normal_Youbike','well'),(23,'MeRiDa','Normal_Youbike','well'),(24,'MeRiDa','Normal_Youbike','well'),(25,'911','iNeed_FunCity','well'),(26,'911','iNeed_FunCity','well'),(27,'Giant','Normal_Youbike','bad'),(28,'Giant','Normal_Youbike','well'),(29,'911','Normal_Youbike','well'),(30,'Giant','iNeed_FunCity','well'),(31,'Giant','Normal_Youbike','well'),(32,'Giant','Normal_Youbike','well'),(33,'Giant','Normal_Youbike','well'),(34,'911','iNeed_FunCity','well'),(35,'Giant','Normal_Youbike','bad'),(36,'MeRiDa','iNeed_FunCity','well'),(37,'MeRiDa','Normal_Youbike','well'),(38,'Giant','iNeed_FunCity','well'),(39,'MeRiDa','Normal_Youbike','well'),(40,'MeRiDa','Normal_Youbike','well'),(41,'Giant','iNeed_FunCity','well'),(42,'MeRiDa','Normal_Youbike','well'),(43,'Giant','iNeed_FunCity','well'),(44,'MeRiDa','iNeed_FunCity','bad'),(45,'MeRiDa','iNeed_FunCity','well'),(46,'Giant','Normal_Youbike','well'),(47,'MeRiDa','iNeed_FunCity','well'),(48,'Giant','Normal_Youbike','well'),(49,'MeRiDa','iNeed_FunCity','well'),(50,'MeRiDa','iNeed_FunCity','well'),(51,'Giant','iNeed_FunCity','well'),(52,'Giant','Normal_Youbike','well'),(53,'911','iNeed_FunCity','well'),(54,'Giant','Normal_Youbike','well'),(55,'911','Normal_Youbike','well'),(56,'911','iNeed_FunCity','well'),(57,'Giant','iNeed_FunCity','well'),(58,'911','Normal_Youbike','well'),(59,'911','Normal_Youbike','well'),(60,'911','iNeed_FunCity','well'),(61,'911','iNeed_FunCity','well'),(62,'Giant','iNeed_FunCity','well'),(63,'MeRiDa','Normal_Youbike','well'),(64,'MeRiDa','Normal_Youbike','well'),(65,'Giant','Normal_Youbike','well'),(66,'Giant','iNeed_FunCity','well'),(67,'Giant','iNeed_FunCity','well'),(68,'911','Normal_Youbike','well'),(69,'911','iNeed_FunCity','well'),(70,'Giant','iNeed_FunCity','well'),(71,'Giant','iNeed_FunCity','well'),(72,'MeRiDa','iNeed_FunCity','well'),(73,'MeRiDa','iNeed_FunCity','well'),(74,'911','Normal_Youbike','bad'),(75,'911','iNeed_FunCity','well'),(76,'MeRiDa','iNeed_FunCity','well'),(77,'Giant','Normal_Youbike','well'),(78,'Giant','Normal_Youbike','well'),(79,'Giant','iNeed_FunCity','well'),(80,'MeRiDa','Normal_Youbike','well'),(81,'Giant','Normal_Youbike','well'),(82,'911','iNeed_FunCity','well'),(83,'911','iNeed_FunCity','well'),(84,'MeRiDa','Normal_Youbike','well'),(85,'911','Normal_Youbike','well'),(86,'911','Normal_Youbike','well'),(87,'MeRiDa','iNeed_FunCity','well'),(88,'Giant','Normal_Youbike','well'),(89,'911','Normal_Youbike','well'),(90,'Giant','Normal_Youbike','well'),(91,'MeRiDa','iNeed_FunCity','well'),(92,'Giant','Normal_Youbike','well'),(93,'MeRiDa','iNeed_FunCity','well'),(94,'911','iNeed_FunCity','well'),(95,'MeRiDa','Normal_Youbike','well'),(96,'Giant','iNeed_FunCity','well'),(97,'911','Normal_Youbike','well'),(98,'911','Normal_Youbike','well'),(99,'MeRiDa','Normal_Youbike','well'),(100,'Giant','Normal_Youbike','well'),(101,'MeRiDa','iNeed_FunCity','well'),(102,'MeRiDa','Normal_Youbike','well'),(103,'911','Normal_Youbike','well'),(104,'Giant','Normal_Youbike','well'),(105,'911','Normal_Youbike','bad'),(106,'911','Normal_Youbike','well'),(107,'911','Normal_Youbike','well'),(108,'911','Normal_Youbike','well'),(109,'911','Normal_Youbike','well'),(110,'MeRiDa','Normal_Youbike','well'),(111,'911','iNeed_FunCity','well'),(112,'MeRiDa','iNeed_FunCity','well'),(113,'911','Normal_Youbike','well'),(114,'Giant','iNeed_FunCity','well'),(115,'911','Normal_Youbike','well'),(116,'MeRiDa','iNeed_FunCity','well'),(117,'Giant','Normal_Youbike','well'),(118,'MeRiDa','Normal_Youbike','well'),(119,'Giant','Normal_Youbike','well'),(120,'MeRiDa','Normal_Youbike','well'),(121,'MeRiDa','Normal_Youbike','well'),(122,'911','Normal_Youbike','well'),(123,'Giant','iNeed_FunCity','well'),(124,'MeRiDa','iNeed_FunCity','well'),(125,'MeRiDa','Normal_Youbike','well'),(126,'MeRiDa','Normal_Youbike','well'),(127,'Giant','iNeed_FunCity','well'),(128,'911','iNeed_FunCity','well'),(129,'MeRiDa','Normal_Youbike','well'),(130,'911','iNeed_FunCity','well'),(131,'911','Normal_Youbike','well'),(132,'911','iNeed_FunCity','well'),(133,'911','Normal_Youbike','well'),(134,'MeRiDa','Normal_Youbike','well'),(135,'911','iNeed_FunCity','well'),(136,'MeRiDa','iNeed_FunCity','well'),(137,'MeRiDa','Normal_Youbike','well'),(138,'Giant','Normal_Youbike','well'),(139,'MeRiDa','iNeed_FunCity','well'),(140,'Giant','Normal_Youbike','well'),(141,'911','Normal_Youbike','well'),(142,'911','Normal_Youbike','well'),(143,'Giant','iNeed_FunCity','well'),(144,'MeRiDa','iNeed_FunCity','well'),(145,'Giant','Normal_Youbike','well'),(146,'MeRiDa','iNeed_FunCity','well'),(147,'Giant','iNeed_FunCity','well'),(148,'911','Normal_Youbike','well'),(149,'911','iNeed_FunCity','well'),(150,'911','Normal_Youbike','well'),(151,'Giant','Normal_Youbike','well'),(152,'MeRiDa','Normal_Youbike','well'),(153,'911','Normal_Youbike','well'),(154,'MeRiDa','Normal_Youbike','well'),(155,'911','Normal_Youbike','well'),(156,'911','Normal_Youbike','well'),(157,'MeRiDa','Normal_Youbike','well'),(158,'Giant','Normal_Youbike','well'),(159,'911','iNeed_FunCity','well'),(160,'Giant','iNeed_FunCity','well'),(161,'MeRiDa','iNeed_FunCity','well'),(162,'911','iNeed_FunCity','well'),(163,'MeRiDa','iNeed_FunCity','well'),(164,'Giant','Normal_Youbike','well'),(165,'MeRiDa','iNeed_FunCity','well'),(166,'MeRiDa','iNeed_FunCity','well'),(167,'Giant','iNeed_FunCity','well'),(168,'MeRiDa','iNeed_FunCity','well'),(169,'911','iNeed_FunCity','well'),(170,'911','iNeed_FunCity','well'),(171,'MeRiDa','Normal_Youbike','well'),(172,'911','Normal_Youbike','well'),(173,'911','Normal_Youbike','well'),(174,'Giant','Normal_Youbike','well'),(175,'MeRiDa','iNeed_FunCity','bad'),(176,'Giant','Normal_Youbike','well'),(177,'Giant','Normal_Youbike','well'),(178,'MeRiDa','Normal_Youbike','well'),(179,'911','Normal_Youbike','well'),(180,'911','iNeed_FunCity','well'),(181,'MeRiDa','Normal_Youbike','well'),(182,'MeRiDa','iNeed_FunCity','well'),(183,'911','Normal_Youbike','well'),(184,'MeRiDa','Normal_Youbike','well'),(185,'Giant','Normal_Youbike','well'),(186,'MeRiDa','Normal_Youbike','well'),(187,'MeRiDa','Normal_Youbike','well'),(188,'911','Normal_Youbike','bad'),(189,'MeRiDa','Normal_Youbike','well'),(190,'MeRiDa','iNeed_FunCity','well'),(191,'911','iNeed_FunCity','well'),(192,'MeRiDa','iNeed_FunCity','well'),(193,'MeRiDa','iNeed_FunCity','well'),(194,'911','iNeed_FunCity','well'),(195,'911','Normal_Youbike','bad'),(196,'MeRiDa','Normal_Youbike','well'),(197,'Giant','Normal_Youbike','well'),(198,'911','Normal_Youbike','well'),(199,'MeRiDa','iNeed_FunCity','well'),(200,'Giant','Normal_Youbike','well'),(201,'MeRiDa','Normal_Youbike','bad'),(202,'911','Normal_Youbike','well'),(203,'MeRiDa','iNeed_FunCity','well'),(204,'MeRiDa','iNeed_FunCity','bad'),(205,'MeRiDa','Normal_Youbike','well'),(206,'911','Normal_Youbike','well'),(207,'Giant','Normal_Youbike','well'),(208,'MeRiDa','iNeed_FunCity','well'),(209,'911','Normal_Youbike','well'),(210,'Giant','iNeed_FunCity','well'),(211,'Giant','Normal_Youbike','well'),(212,'MeRiDa','Normal_Youbike','well'),(213,'Giant','iNeed_FunCity','well'),(214,'MeRiDa','iNeed_FunCity','well'),(215,'MeRiDa','iNeed_FunCity','well'),(216,'Giant','iNeed_FunCity','well'),(217,'911','iNeed_FunCity','well'),(218,'MeRiDa','Normal_Youbike','well'),(219,'MeRiDa','iNeed_FunCity','well'),(220,'MeRiDa','Normal_Youbike','well'),(221,'911','iNeed_FunCity','well'),(222,'Giant','Normal_Youbike','well'),(223,'Giant','iNeed_FunCity','well'),(224,'MeRiDa','iNeed_FunCity','well'),(225,'911','Normal_Youbike','well'),(226,'MeRiDa','Normal_Youbike','well'),(227,'Giant','iNeed_FunCity','well'),(228,'911','iNeed_FunCity','well'),(229,'Giant','iNeed_FunCity','well'),(230,'Giant','iNeed_FunCity','well'),(231,'911','Normal_Youbike','well'),(232,'MeRiDa','Normal_Youbike','well'),(233,'911','Normal_Youbike','well'),(234,'Giant','Normal_Youbike','well'),(235,'MeRiDa','Normal_Youbike','well'),(236,'MeRiDa','Normal_Youbike','well'),(237,'MeRiDa','iNeed_FunCity','well'),(238,'MeRiDa','Normal_Youbike','well'),(239,'911','iNeed_FunCity','well'),(240,'MeRiDa','iNeed_FunCity','well'),(241,'MeRiDa','iNeed_FunCity','well'),(242,'Giant','Normal_Youbike','well'),(243,'911','iNeed_FunCity','well'),(244,'MeRiDa','Normal_Youbike','well'),(245,'911','iNeed_FunCity','well'),(246,'911','iNeed_FunCity','well'),(247,'MeRiDa','iNeed_FunCity','well'),(248,'Giant','iNeed_FunCity','well'),(249,'Giant','iNeed_FunCity','well'),(250,'MeRiDa','Normal_Youbike','well'),(251,'911','Normal_Youbike','well'),(252,'MeRiDa','iNeed_FunCity','well'),(253,'911','Normal_Youbike','well'),(254,'MeRiDa','Normal_Youbike','well'),(255,'Giant','iNeed_FunCity','well'),(256,'Giant','iNeed_FunCity','well'),(257,'MeRiDa','iNeed_FunCity','well'),(258,'MeRiDa','iNeed_FunCity','well'),(259,'911','Normal_Youbike','well'),(260,'MeRiDa','Normal_Youbike','well'),(261,'MeRiDa','Normal_Youbike','well'),(262,'911','Normal_Youbike','well'),(263,'MeRiDa','iNeed_FunCity','well'),(264,'911','iNeed_FunCity','well'),(265,'MeRiDa','iNeed_FunCity','well'),(266,'Giant','iNeed_FunCity','well'),(267,'MeRiDa','iNeed_FunCity','well'),(268,'MeRiDa','Normal_Youbike','well'),(269,'Giant','Normal_Youbike','well'),(270,'MeRiDa','iNeed_FunCity','well'),(271,'Giant','Normal_Youbike','well'),(272,'MeRiDa','iNeed_FunCity','well'),(273,'MeRiDa','iNeed_FunCity','well'),(274,'Giant','iNeed_FunCity','well'),(275,'MeRiDa','Normal_Youbike','well'),(276,'MeRiDa','iNeed_FunCity','well'),(277,'911','Normal_Youbike','well'),(278,'MeRiDa','iNeed_FunCity','well'),(279,'MeRiDa','Normal_Youbike','well'),(280,'MeRiDa','iNeed_FunCity','well'),(281,'MeRiDa','Normal_Youbike','well'),(282,'911','iNeed_FunCity','well'),(283,'Giant','Normal_Youbike','well'),(284,'MeRiDa','iNeed_FunCity','well'),(285,'911','Normal_Youbike','well'),(286,'911','iNeed_FunCity','well'),(287,'911','iNeed_FunCity','well'),(288,'Giant','Normal_Youbike','bad'),(289,'MeRiDa','iNeed_FunCity','well'),(290,'Giant','Normal_Youbike','well'),(291,'911','Normal_Youbike','bad'),(292,'911','Normal_Youbike','well'),(293,'911','Normal_Youbike','well'),(294,'911','Normal_Youbike','well'),(295,'MeRiDa','Normal_Youbike','well'),(296,'Giant','Normal_Youbike','well'),(297,'Giant','iNeed_FunCity','well'),(298,'Giant','Normal_Youbike','well'),(299,'MeRiDa','Normal_Youbike','well'),(300,'Giant','Normal_Youbike','well'),(301,'Giant','Normal_Youbike','well'),(302,'MeRiDa','Normal_Youbike','well'),(303,'Giant','iNeed_FunCity','bad'),(304,'MeRiDa','iNeed_FunCity','bad'),(305,'Giant','Normal_Youbike','well'),(306,'MeRiDa','Normal_Youbike','well'),(307,'MeRiDa','iNeed_FunCity','well'),(308,'911','iNeed_FunCity','well'),(309,'Giant','iNeed_FunCity','well'),(310,'911','Normal_Youbike','well'),(311,'Giant','iNeed_FunCity','well'),(312,'MeRiDa','Normal_Youbike','well'),(313,'MeRiDa','Normal_Youbike','well'),(314,'MeRiDa','iNeed_FunCity','well'),(315,'911','Normal_Youbike','well'),(316,'911','Normal_Youbike','well'),(317,'Giant','iNeed_FunCity','well'),(318,'Giant','iNeed_FunCity','well'),(319,'MeRiDa','Normal_Youbike','well'),(320,'MeRiDa','iNeed_FunCity','well'),(321,'MeRiDa','iNeed_FunCity','well'),(322,'MeRiDa','iNeed_FunCity','well'),(323,'911','Normal_Youbike','well'),(324,'MeRiDa','Normal_Youbike','well'),(325,'911','iNeed_FunCity','well'),(326,'MeRiDa','Normal_Youbike','well'),(327,'911','iNeed_FunCity','well'),(328,'MeRiDa','iNeed_FunCity','bad'),(329,'Giant','iNeed_FunCity','well'),(330,'Giant','iNeed_FunCity','well'),(331,'911','iNeed_FunCity','well'),(332,'MeRiDa','Normal_Youbike','well'),(333,'MeRiDa','Normal_Youbike','well'),(334,'Giant','Normal_Youbike','well'),(335,'Giant','Normal_Youbike','well'),(336,'MeRiDa','iNeed_FunCity','well'),(337,'911','iNeed_FunCity','well'),(338,'MeRiDa','iNeed_FunCity','well'),(339,'911','Normal_Youbike','well'),(340,'MeRiDa','Normal_Youbike','well'),(341,'Giant','Normal_Youbike','well'),(342,'MeRiDa','iNeed_FunCity','well'),(343,'Giant','Normal_Youbike','well'),(344,'911','iNeed_FunCity','well'),(345,'Giant','Normal_Youbike','well'),(346,'MeRiDa','Normal_Youbike','well'),(347,'Giant','Normal_Youbike','well'),(348,'Giant','iNeed_FunCity','well'),(349,'Giant','iNeed_FunCity','well'),(350,'MeRiDa','Normal_Youbike','well'),(351,'Giant','Normal_Youbike','well'),(352,'MeRiDa','Normal_Youbike','well'),(353,'Giant','Normal_Youbike','well'),(354,'911','Normal_Youbike','well'),(355,'Giant','iNeed_FunCity','well'),(356,'MeRiDa','iNeed_FunCity','well'),(357,'Giant','Normal_Youbike','well'),(358,'MeRiDa','iNeed_FunCity','well'),(359,'MeRiDa','Normal_Youbike','well'),(360,'911','iNeed_FunCity','well'),(361,'MeRiDa','iNeed_FunCity','bad'),(362,'Giant','iNeed_FunCity','well'),(363,'911','Normal_Youbike','well'),(364,'MeRiDa','iNeed_FunCity','well'),(365,'911','iNeed_FunCity','well'),(366,'911','iNeed_FunCity','well'),(367,'Giant','Normal_Youbike','well'),(368,'MeRiDa','Normal_Youbike','well'),(369,'MeRiDa','iNeed_FunCity','well'),(370,'Giant','Normal_Youbike','well'),(371,'MeRiDa','Normal_Youbike','well'),(372,'MeRiDa','Normal_Youbike','well'),(373,'911','iNeed_FunCity','well'),(374,'MeRiDa','iNeed_FunCity','well'),(375,'Giant','Normal_Youbike','well'),(376,'911','iNeed_FunCity','well'),(377,'911','iNeed_FunCity','well'),(378,'911','Normal_Youbike','well'),(379,'MeRiDa','Normal_Youbike','well'),(380,'911','Normal_Youbike','well'),(381,'Giant','Normal_Youbike','well'),(382,'Giant','iNeed_FunCity','well'),(383,'MeRiDa','Normal_Youbike','well'),(384,'MeRiDa','iNeed_FunCity','well'),(385,'911','iNeed_FunCity','well'),(386,'911','Normal_Youbike','well'),(387,'911','iNeed_FunCity','well'),(388,'MeRiDa','Normal_Youbike','well'),(389,'911','Normal_Youbike','well'),(390,'Giant','Normal_Youbike','well'),(391,'MeRiDa','iNeed_FunCity','well'),(392,'MeRiDa','Normal_Youbike','well'),(393,'MeRiDa','iNeed_FunCity','well'),(394,'911','Normal_Youbike','well'),(395,'911','iNeed_FunCity','well'),(396,'MeRiDa','iNeed_FunCity','well'),(397,'MeRiDa','Normal_Youbike','well'),(398,'911','Normal_Youbike','well'),(399,'Giant','Normal_Youbike','well'),(400,'MeRiDa','Normal_Youbike','well'),(401,'MeRiDa','Normal_Youbike','well'),(402,'MeRiDa','iNeed_FunCity','well'),(403,'Giant','iNeed_FunCity','well'),(404,'911','iNeed_FunCity','bad'),(405,'Giant','iNeed_FunCity','well'),(406,'MeRiDa','Normal_Youbike','well'),(407,'911','iNeed_FunCity','well'),(408,'911','Normal_Youbike','well'),(409,'MeRiDa','Normal_Youbike','well'),(410,'Giant','iNeed_FunCity','well'),(411,'MeRiDa','iNeed_FunCity','well'),(412,'MeRiDa','iNeed_FunCity','well'),(413,'911','iNeed_FunCity','well'),(414,'MeRiDa','iNeed_FunCity','well'),(415,'911','Normal_Youbike','well'),(416,'Giant','Normal_Youbike','well'),(417,'MeRiDa','iNeed_FunCity','well'),(418,'MeRiDa','iNeed_FunCity','well'),(419,'MeRiDa','iNeed_FunCity','well'),(420,'MeRiDa','Normal_Youbike','well'),(421,'MeRiDa','iNeed_FunCity','bad'),(422,'MeRiDa','Normal_Youbike','well'),(423,'Giant','Normal_Youbike','well'),(424,'911','Normal_Youbike','well'),(425,'911','iNeed_FunCity','well'),(426,'911','iNeed_FunCity','well'),(427,'Giant','Normal_Youbike','well'),(428,'MeRiDa','iNeed_FunCity','well'),(429,'911','iNeed_FunCity','well'),(430,'911','Normal_Youbike','well'),(431,'MeRiDa','iNeed_FunCity','well'),(432,'Giant','iNeed_FunCity','well'),(433,'MeRiDa','Normal_Youbike','well'),(434,'911','iNeed_FunCity','well'),(435,'MeRiDa','iNeed_FunCity','well'),(436,'MeRiDa','Normal_Youbike','well'),(437,'MeRiDa','Normal_Youbike','well'),(438,'MeRiDa','iNeed_FunCity','well'),(439,'MeRiDa','Normal_Youbike','well'),(440,'MeRiDa','Normal_Youbike','well'),(441,'MeRiDa','iNeed_FunCity','well'),(442,'911','Normal_Youbike','well'),(443,'MeRiDa','Normal_Youbike','well'),(444,'MeRiDa','Normal_Youbike','well'),(445,'Giant','iNeed_FunCity','well'),(446,'Giant','Normal_Youbike','well'),(447,'911','Normal_Youbike','well'),(448,'MeRiDa','iNeed_FunCity','well'),(449,'Giant','Normal_Youbike','well'),(450,'Giant','iNeed_FunCity','well'),(451,'Giant','iNeed_FunCity','well'),(452,'MeRiDa','iNeed_FunCity','well'),(453,'Giant','iNeed_FunCity','well'),(454,'Giant','iNeed_FunCity','well'),(455,'911','iNeed_FunCity','well'),(456,'911','Normal_Youbike','well'),(457,'Giant','iNeed_FunCity','well'),(458,'911','iNeed_FunCity','well'),(459,'911','Normal_Youbike','well'),(460,'911','iNeed_FunCity','well'),(461,'Giant','iNeed_FunCity','well'),(462,'911','iNeed_FunCity','well'),(463,'911','iNeed_FunCity','well'),(464,'911','Normal_Youbike','well'),(465,'911','Normal_Youbike','well'),(466,'MeRiDa','Normal_Youbike','well'),(467,'911','iNeed_FunCity','well'),(468,'Giant','iNeed_FunCity','well'),(469,'911','iNeed_FunCity','well'),(470,'MeRiDa','iNeed_FunCity','well'),(471,'Giant','Normal_Youbike','well'),(472,'Giant','iNeed_FunCity','well'),(473,'Giant','Normal_Youbike','well'),(474,'Giant','Normal_Youbike','well'),(475,'911','iNeed_FunCity','well'),(476,'MeRiDa','iNeed_FunCity','well'),(477,'MeRiDa','iNeed_FunCity','well'),(478,'911','iNeed_FunCity','well'),(479,'Giant','iNeed_FunCity','well'),(480,'MeRiDa','Normal_Youbike','well'),(481,'Giant','iNeed_FunCity','well'),(482,'Giant','iNeed_FunCity','well'),(483,'MeRiDa','Normal_Youbike','well'),(484,'911','Normal_Youbike','well'),(485,'911','iNeed_FunCity','well'),(486,'911','iNeed_FunCity','well'),(487,'Giant','Normal_Youbike','well'),(488,'Giant','iNeed_FunCity','well'),(489,'Giant','iNeed_FunCity','well'),(490,'MeRiDa','Normal_Youbike','well'),(491,'911','iNeed_FunCity','well'),(492,'911','iNeed_FunCity','well'),(493,'911','Normal_Youbike','well'),(494,'Giant','Normal_Youbike','well'),(495,'MeRiDa','Normal_Youbike','well'),(496,'MeRiDa','iNeed_FunCity','well'),(497,'MeRiDa','iNeed_FunCity','well'),(498,'911','iNeed_FunCity','well'),(499,'MeRiDa','Normal_Youbike','bad'),(500,'Giant','iNeed_FunCity','well'),(501,'MeRiDa','Normal_Youbike','well'),(502,'911','Normal_Youbike','well'),(503,'Giant','iNeed_FunCity','well'),(504,'Giant','Normal_Youbike','well'),(505,'911','iNeed_FunCity','well'),(506,'MeRiDa','Normal_Youbike','well'),(507,'911','iNeed_FunCity','well'),(508,'Giant','Normal_Youbike','well'),(509,'911','Normal_Youbike','well'),(510,'Giant','Normal_Youbike','well'),(511,'Giant','iNeed_FunCity','well'),(512,'Giant','iNeed_FunCity','well'),(513,'Giant','Normal_Youbike','well'),(514,'MeRiDa','Normal_Youbike','well'),(515,'Giant','Normal_Youbike','well'),(516,'911','Normal_Youbike','well'),(517,'911','iNeed_FunCity','well'),(518,'MeRiDa','iNeed_FunCity','well'),(519,'911','iNeed_FunCity','well'),(520,'Giant','iNeed_FunCity','well'),(521,'Giant','Normal_Youbike','well'),(522,'MeRiDa','Normal_Youbike','well'),(523,'911','iNeed_FunCity','well'),(524,'MeRiDa','Normal_Youbike','well'),(525,'911','Normal_Youbike','well'),(526,'911','iNeed_FunCity','well'),(527,'MeRiDa','Normal_Youbike','well'),(528,'MeRiDa','iNeed_FunCity','well'),(529,'Giant','iNeed_FunCity','well'),(530,'911','Normal_Youbike','well'),(531,'MeRiDa','Normal_Youbike','well'),(532,'MeRiDa','Normal_Youbike','well'),(533,'MeRiDa','Normal_Youbike','well'),(534,'911','Normal_Youbike','well'),(535,'MeRiDa','iNeed_FunCity','well'),(536,'911','Normal_Youbike','well'),(537,'911','Normal_Youbike','well'),(538,'Giant','Normal_Youbike','well'),(539,'MeRiDa','Normal_Youbike','well'),(540,'911','iNeed_FunCity','well'),(541,'Giant','Normal_Youbike','well'),(542,'911','Normal_Youbike','well'),(543,'Giant','iNeed_FunCity','well'),(544,'MeRiDa','iNeed_FunCity','well'),(545,'Giant','iNeed_FunCity','well'),(546,'MeRiDa','Normal_Youbike','well'),(547,'MeRiDa','iNeed_FunCity','well'),(548,'911','iNeed_FunCity','well'),(549,'MeRiDa','Normal_Youbike','well'),(550,'Giant','Normal_Youbike','well'),(551,'911','Normal_Youbike','well'),(552,'Giant','iNeed_FunCity','well'),(553,'Giant','Normal_Youbike','well'),(554,'MeRiDa','iNeed_FunCity','well'),(555,'MeRiDa','Normal_Youbike','well'),(556,'911','Normal_Youbike','bad'),(557,'Giant','Normal_Youbike','well'),(558,'911','iNeed_FunCity','well'),(559,'Giant','Normal_Youbike','well'),(560,'Giant','Normal_Youbike','well'),(561,'911','Normal_Youbike','well'),(562,'Giant','iNeed_FunCity','well'),(563,'911','iNeed_FunCity','well'),(564,'Giant','Normal_Youbike','well'),(565,'911','iNeed_FunCity','well'),(566,'MeRiDa','iNeed_FunCity','well'),(567,'Giant','Normal_Youbike','well'),(568,'911','Normal_Youbike','well'),(569,'MeRiDa','Normal_Youbike','well'),(570,'Giant','Normal_Youbike','well'),(571,'911','iNeed_FunCity','well'),(572,'MeRiDa','iNeed_FunCity','well'),(573,'MeRiDa','iNeed_FunCity','well'),(574,'911','iNeed_FunCity','well'),(575,'MeRiDa','Normal_Youbike','well'),(576,'911','Normal_Youbike','well'),(577,'MeRiDa','iNeed_FunCity','well'),(578,'Giant','Normal_Youbike','well'),(579,'Giant','iNeed_FunCity','well'),(580,'911','Normal_Youbike','well'),(581,'Giant','iNeed_FunCity','well'),(582,'MeRiDa','iNeed_FunCity','well'),(583,'911','Normal_Youbike','well'),(584,'911','Normal_Youbike','well'),(585,'911','iNeed_FunCity','well'),(586,'MeRiDa','iNeed_FunCity','well'),(587,'911','iNeed_FunCity','well'),(588,'MeRiDa','Normal_Youbike','well'),(589,'MeRiDa','Normal_Youbike','well'),(590,'MeRiDa','iNeed_FunCity','well'),(591,'911','iNeed_FunCity','well'),(592,'911','Normal_Youbike','well'),(593,'Giant','Normal_Youbike','well'),(594,'MeRiDa','Normal_Youbike','well'),(595,'Giant','iNeed_FunCity','well'),(596,'Giant','Normal_Youbike','well'),(597,'911','Normal_Youbike','well'),(598,'MeRiDa','Normal_Youbike','well'),(599,'Giant','Normal_Youbike','well'),(600,'911','iNeed_FunCity','well'),(601,'MeRiDa','Normal_Youbike','well'),(602,'Giant','Normal_Youbike','well'),(603,'911','iNeed_FunCity','well'),(604,'Giant','iNeed_FunCity','well'),(605,'911','iNeed_FunCity','well'),(606,'911','iNeed_FunCity','well'),(607,'MeRiDa','iNeed_FunCity','well'),(608,'Giant','Normal_Youbike','well'),(609,'911','Normal_Youbike','well'),(610,'Giant','iNeed_FunCity','well'),(611,'Giant','Normal_Youbike','well'),(612,'Giant','Normal_Youbike','well'),(613,'911','Normal_Youbike','bad'),(614,'911','iNeed_FunCity','well'),(615,'911','iNeed_FunCity','well'),(616,'MeRiDa','iNeed_FunCity','well'),(617,'911','iNeed_FunCity','well'),(618,'911','Normal_Youbike','well'),(619,'911','Normal_Youbike','well'),(620,'911','Normal_Youbike','well'),(621,'MeRiDa','iNeed_FunCity','well'),(622,'Giant','Normal_Youbike','bad'),(623,'911','Normal_Youbike','well'),(624,'Giant','Normal_Youbike','well'),(625,'Giant','iNeed_FunCity','well'),(626,'911','Normal_Youbike','bad'),(627,'MeRiDa','Normal_Youbike','well'),(628,'911','iNeed_FunCity','well'),(629,'Giant','iNeed_FunCity','well'),(630,'Giant','Normal_Youbike','well'),(631,'Giant','iNeed_FunCity','well'),(632,'Giant','iNeed_FunCity','well'),(633,'MeRiDa','Normal_Youbike','well'),(634,'Giant','Normal_Youbike','well'),(635,'Giant','iNeed_FunCity','well'),(636,'Giant','iNeed_FunCity','well'),(637,'MeRiDa','iNeed_FunCity','well'),(638,'MeRiDa','Normal_Youbike','well'),(639,'911','iNeed_FunCity','well'),(640,'Giant','Normal_Youbike','well'),(641,'MeRiDa','Normal_Youbike','well'),(642,'MeRiDa','Normal_Youbike','well'),(643,'911','iNeed_FunCity','well'),(644,'911','Normal_Youbike','well'),(645,'Giant','iNeed_FunCity','well'),(646,'911','Normal_Youbike','well'),(647,'Giant','iNeed_FunCity','well'),(648,'MeRiDa','iNeed_FunCity','well'),(649,'911','Normal_Youbike','well'),(650,'Giant','iNeed_FunCity','well'),(651,'MeRiDa','Normal_Youbike','well'),(652,'911','iNeed_FunCity','well'),(653,'Giant','iNeed_FunCity','well'),(654,'MeRiDa','Normal_Youbike','well'),(655,'911','Normal_Youbike','well'),(656,'911','iNeed_FunCity','well'),(657,'911','iNeed_FunCity','well'),(658,'Giant','iNeed_FunCity','well'),(659,'MeRiDa','Normal_Youbike','well'),(660,'Giant','Normal_Youbike','well'),(661,'911','iNeed_FunCity','well'),(662,'Giant','iNeed_FunCity','well'),(663,'911','iNeed_FunCity','well'),(664,'911','Normal_Youbike','well'),(665,'911','iNeed_FunCity','well'),(666,'911','iNeed_FunCity','well'),(667,'MeRiDa','iNeed_FunCity','well'),(668,'MeRiDa','Normal_Youbike','well'),(669,'MeRiDa','iNeed_FunCity','well'),(670,'MeRiDa','iNeed_FunCity','well'),(671,'MeRiDa','iNeed_FunCity','well'),(672,'Giant','iNeed_FunCity','well'),(673,'911','iNeed_FunCity','well'),(674,'MeRiDa','Normal_Youbike','well'),(675,'911','Normal_Youbike','well'),(676,'911','Normal_Youbike','well'),(677,'Giant','iNeed_FunCity','well'),(678,'MeRiDa','iNeed_FunCity','well'),(679,'Giant','Normal_Youbike','well'),(680,'Giant','Normal_Youbike','well'),(681,'MeRiDa','iNeed_FunCity','well'),(682,'Giant','Normal_Youbike','well'),(683,'Giant','Normal_Youbike','well'),(684,'MeRiDa','Normal_Youbike','well'),(685,'Giant','iNeed_FunCity','well'),(686,'MeRiDa','iNeed_FunCity','well'),(687,'911','iNeed_FunCity','well'),(688,'MeRiDa','Normal_Youbike','well'),(689,'Giant','iNeed_FunCity','well'),(690,'911','Normal_Youbike','well'),(691,'MeRiDa','Normal_Youbike','well'),(692,'Giant','Normal_Youbike','well'),(693,'911','Normal_Youbike','well'),(694,'911','Normal_Youbike','well'),(695,'911','iNeed_FunCity','well'),(696,'Giant','iNeed_FunCity','well'),(697,'Giant','iNeed_FunCity','well'),(698,'911','iNeed_FunCity','well'),(699,'Giant','iNeed_FunCity','well'),(700,'Giant','iNeed_FunCity','well'),(701,'911','Normal_Youbike','well'),(702,'MeRiDa','iNeed_FunCity','well'),(703,'Giant','Normal_Youbike','well'),(704,'Giant','Normal_Youbike','well'),(705,'MeRiDa','iNeed_FunCity','well'),(706,'MeRiDa','Normal_Youbike','well'),(707,'MeRiDa','iNeed_FunCity','well'),(708,'Giant','Normal_Youbike','well'),(709,'911','iNeed_FunCity','well'),(710,'MeRiDa','iNeed_FunCity','well'),(711,'MeRiDa','iNeed_FunCity','well'),(712,'Giant','iNeed_FunCity','well'),(713,'MeRiDa','iNeed_FunCity','well'),(714,'MeRiDa','Normal_Youbike','well'),(715,'MeRiDa','iNeed_FunCity','well'),(716,'911','iNeed_FunCity','well'),(717,'911','Normal_Youbike','well'),(718,'Giant','iNeed_FunCity','well'),(719,'Giant','Normal_Youbike','well'),(720,'MeRiDa','iNeed_FunCity','well'),(721,'Giant','iNeed_FunCity','well'),(722,'MeRiDa','Normal_Youbike','well'),(723,'MeRiDa','iNeed_FunCity','well'),(724,'911','Normal_Youbike','well'),(725,'911','iNeed_FunCity','well'),(726,'Giant','iNeed_FunCity','well'),(727,'MeRiDa','Normal_Youbike','well'),(728,'911','Normal_Youbike','well'),(729,'MeRiDa','iNeed_FunCity','well'),(730,'911','Normal_Youbike','well'),(731,'Giant','iNeed_FunCity','well'),(732,'911','Normal_Youbike','well'),(733,'911','Normal_Youbike','well'),(734,'Giant','iNeed_FunCity','well'),(735,'Giant','iNeed_FunCity','well'),(736,'911','Normal_Youbike','well'),(737,'911','Normal_Youbike','well'),(738,'Giant','Normal_Youbike','well'),(739,'Giant','Normal_Youbike','well'),(740,'MeRiDa','iNeed_FunCity','well'),(741,'Giant','iNeed_FunCity','well'),(742,'Giant','iNeed_FunCity','well'),(743,'911','iNeed_FunCity','well'),(744,'Giant','Normal_Youbike','well'),(745,'Giant','Normal_Youbike','well'),(746,'Giant','iNeed_FunCity','well'),(747,'Giant','Normal_Youbike','well'),(748,'Giant','iNeed_FunCity','well'),(749,'MeRiDa','Normal_Youbike','well'),(750,'911','Normal_Youbike','well'),(751,'Giant','Normal_Youbike','well'),(752,'Giant','Normal_Youbike','bad'),(753,'Giant','Normal_Youbike','bad'),(754,'Giant','Normal_Youbike','well'),(755,'911','iNeed_FunCity','bad'),(756,'911','Normal_Youbike','well'),(757,'911','Normal_Youbike','well'),(758,'Giant','Normal_Youbike','well'),(759,'MeRiDa','iNeed_FunCity','bad');
/*!40000 ALTER TABLE `Bike` ENABLE KEYS */;
UNLOCK TABLES;

--
-- Table structure for table `Check`
--

DROP TABLE IF EXISTS `Check`;
/*!40101 SET @saved_cs_client     = @@character_set_client */;
/*!40101 SET character_set_client = utf8 */;
CREATE TABLE `Check` (
  `Check_id` int(11) NOT NULL,
  `Student_id` bigint(30) NOT NULL,
  `Session` varchar(45) NOT NULL,
  `Stop` varchar(45) NOT NULL,
  `Rent_date` datetime NOT NULL,
  `Bike_amount` int(11) NOT NULL,
  PRIMARY KEY (`Check_id`),
  KEY `fk_Check_Time_Session1_idx` (`Session`),
  KEY `fk_Check_Student1_idx` (`Student_id`),
  KEY `fk_Check_Stop1_idx` (`Stop`),
  CONSTRAINT `fk_Check_Stop1` FOREIGN KEY (`Stop`) REFERENCES `Stop` (`Name`) ON DELETE NO ACTION ON UPDATE NO ACTION,
  CONSTRAINT `fk_Check_Student1` FOREIGN KEY (`Student_id`) REFERENCES `Student` (`Student_id`) ON DELETE NO ACTION ON UPDATE NO ACTION,
  CONSTRAINT `fk_Check_Time_Session1` FOREIGN KEY (`Session`) REFERENCES `Time_Session` (`Session`) ON DELETE NO ACTION ON UPDATE NO ACTION
) ENGINE=InnoDB DEFAULT CHARSET=utf8;
/*!40101 SET character_set_client = @saved_cs_client */;

--
-- Dumping data for table `Check`
--

LOCK TABLES `Check` WRITE;
/*!40000 ALTER TABLE `Check` DISABLE KEYS */;
INSERT INTO `Check` VALUES (1,1010719742278441,'0900~1500','MRT Daan Park Sta.','2016-01-13 00:00:00',5),(2,570262909770734,'0900~1500','MRT Zhongxiao Fuxing Sta.(Exit 2)','2016-06-07 00:00:00',4),(3,714517458570621,'2100~0300','LiuGong Park','2016-07-18 00:00:00',5),(4,924711544287800,'2100~0300','MRT Technology Bldg. Sta.','2016-02-05 00:00:00',3),(5,977070988990351,'2100~0300','Roosevelt & Xinsheng S. Intersection','2016-12-21 00:00:00',4),(6,609456349159994,'0300~0900','MRT Daan Park Sta.','2016-12-06 00:00:00',4),(7,544531745691737,'0900~1500','Ln. 217, Sec. 3, Zhongxiao E. Rd','2016-01-08 00:00:00',2),(8,890003134351923,'0900~1500','MRT Technology Bldg. Sta.','2016-11-16 00:00:00',4),(9,797123300305643,'1500~2100','JianGuo & Heping Intersection','2016-04-02 00:00:00',4),(10,769775749767411,'0900~1500','MRT Liuzhangli Sta.','2016-04-11 00:00:00',3),(11,413727715437207,'2100~0300','Ln. 217, Sec. 3, Zhongxiao E. Rd','2016-11-21 00:00:00',1),(12,722231287827852,'0300~0900','Roosevelt & Xinsheng S. Intersection','2016-09-10 00:00:00',4),(13,10202980138224578,'0900~1500','Taipei City Hospital Renai Branch','2016-11-24 00:00:00',1),(14,765878893446056,'0900~1500','Xinyi & Jianguo Intersection','2016-05-10 00:00:00',2),(15,646322525444070,'0300~0900','Jinshan & Aiguo Intersection','2016-02-17 00:00:00',3),(16,718856068171958,'0300~0900','Xinhai & Xinsheng Intersection','2016-06-04 00:00:00',3),(17,10202787397234763,'0300~0900','Ln. 217, Sec. 3, Zhongxiao E. Rd','2016-02-07 00:00:00',1),(18,944821372210801,'0300~0900','MRT Dongmen Sta. (Exit 4)','2016-10-02 00:00:00',1),(19,884365481587215,'0300~0900','Xinyi & Jianguo Intersection','2016-08-22 00:00:00',1),(20,731908573498153,'0300~0900','Taipei City Hospital Renai Branch','2016-05-05 00:00:00',5),(21,598910150216397,'0900~1500','Roosevelt & Xinsheng S. Intersection','2016-11-24 00:00:00',3),(22,767613796593941,'0300~0900','Renai & Yanji Intersection','2016-11-17 00:00:00',1),(23,624964430933555,'0900~1500','MRT Gongguan Sta.(Exit 2)','2016-07-10 00:00:00',2),(24,643614495714683,'0900~1500','MRT S.Y.S Memorial Hall Stataion(Exit 2.)','2016-02-09 00:00:00',1),(25,447946135348869,'0900~1500','Renai & Yanji Intersection','2016-04-22 00:00:00',1),(26,632625396806126,'0300~0900','Chengong Public Housing','2016-09-17 00:00:00',5),(27,895007147195591,'0900~1500','MRT Technology Bldg. Sta.','2016-02-10 00:00:00',3),(28,874601359262828,'0900~1500','MRT Daan Sta.','2016-08-18 00:00:00',2),(29,718639618179994,'1500~2100','Longmen Square','2016-07-09 00:00:00',3),(30,10201181495538612,'1500~2100','Ln. 217, Sec. 3, Zhongxiao E. Rd','2016-04-11 00:00:00',1),(31,563017643841979,'1500~2100','Taipei City Hospital Renai Branch','2016-10-20 00:00:00',3),(32,632625396806126,'0300~0900','Jinshan & Aiguo Intersection','2016-05-19 00:00:00',3),(33,447946135348869,'0900~1500','MRT Xinyi Anhe Sta.','2016-09-22 00:00:00',1),(34,1010719742278441,'1500~2100','MRT Gongguan Sta.(Exit 2)','2016-05-15 00:00:00',2),(35,874601359262828,'0300~0900','MRT Liuzhangli Sta.','2016-05-24 00:00:00',4),(36,10202823544342972,'1500~2100','Xinhai & Xinsheng Intersection','2016-07-06 00:00:00',3),(37,797892596895256,'0300~0900','Roosevelt & Xinsheng S. Intersection','2016-10-11 00:00:00',2),(38,882630725086918,'0900~1500','MRT S.Y.S Memorial Hall Stataion(Exit 2.)','2016-05-03 00:00:00',4),(39,181989505471976,'1500~2100','Taipei City Hospital Renai Branch','2016-05-18 00:00:00',2),(40,853291244684654,'2100~0300','N.T.U.S.T','2016-03-04 00:00:00',3),(41,1108761179149613,'0300~0900','Ln. 217, Sec. 3, Zhongxiao E. Rd','2016-09-22 00:00:00',2),(42,1046551655359853,'0900~1500','Dunhua & Keelung Intersection','2016-12-15 00:00:00',1),(43,685685034874651,'0900~1500','MRT Xinyi Anhe Sta.','2016-09-16 00:00:00',4),(44,877567095642305,'0900~1500','NTU Information Bldg.','2016-02-19 00:00:00',1),(45,10201595431198897,'0300~0900','MRT S.Y.S Memorial Hall Stataion(Exit 2.)','2016-09-22 00:00:00',4),(46,10203588775743257,'0900~1500','Taipei City Hospital Renai Branch','2016-03-21 00:00:00',3),(47,1574098202813423,'0300~0900','Daan Sports Center','2016-11-07 00:00:00',2),(48,924711544287800,'1500~2100','MRT Daan Park Sta.','2016-07-10 00:00:00',2),(49,767501586604192,'2100~0300','Keelung & Changxing Intersection','2016-08-11 00:00:00',2),(50,819492721427565,'0300~0900','Xinyi & Jianguo Intersection','2016-07-03 00:00:00',1),(51,751007884954880,'1500~2100','Daan Sports Center','2016-01-22 00:00:00',5),(52,1470566463182776,'0300~0900','MRT S.Y.S Memorial Hall Stataion(Exit 2.)','2016-06-23 00:00:00',1),(53,10202398249970213,'0300~0900','Xinsheng & Heping Intersection','2016-09-04 00:00:00',3),(54,699381120126749,'0300~0900','George Cocational High School of Taipei','2016-04-02 00:00:00',2),(55,1423238871312789,'2100~0300','MRT Linguang Sta. (Exit 2)','2016-08-11 00:00:00',5),(56,767613796593941,'1500~2100','MRT Linguang Sta. (Exit 2)','2016-06-14 00:00:00',1),(57,755787311111047,'1500~2100','NTNU Library','2016-01-18 00:00:00',1),(58,854055141289242,'2100~0300','MRT Technology Bldg. Sta.','2016-01-23 00:00:00',1),(59,10203588775743257,'1500~2100','Xinsheng & Heping Intersection','2016-12-21 00:00:00',2),(60,10152463400620844,'0300~0900','Jinshan & Aiguo Intersection','2016-07-10 00:00:00',3),(61,751007884954880,'2100~0300','MRT Linguang Sta. (Exit 2)','2016-01-16 00:00:00',3),(62,10201821877168710,'0900~1500','NTNU Library','2016-01-21 00:00:00',1),(63,855601941175598,'0900~1500','MRT Daan Sta.','2016-11-14 00:00:00',5),(64,679242252124073,'2100~0300','MRT Gongguan Sta.(Exit 2)','2016-06-22 00:00:00',1),(65,880500088630680,'0300~0900','MRT Gongguan Sta.(Exit 2)','2016-06-12 00:00:00',2),(66,767613796593941,'0900~1500','JianGuo & Heping Intersection','2016-10-18 00:00:00',4),(67,718639618179994,'0900~1500','MRT Liuzhangli Sta.','2016-05-07 00:00:00',2),(68,714517458570621,'1500~2100','MRT Zhongxiao Xinsheng Sta.(Exit 3)','2016-05-22 00:00:00',5),(69,681985251882982,'1500~2100','MRT Dongmen Sta. (Exit 4)','2016-01-21 00:00:00',3),(70,1448164635503917,'0300~0900','N.T.U.S.T','2016-05-16 00:00:00',3),(71,181989505471976,'1500~2100','MRT Taipower Building Sta. (Exit 2)','2016-10-04 00:00:00',5),(72,10152463400620844,'0900~1500','MRT Gongguan Sta.(Exit 2)','2016-06-06 00:00:00',3),(73,681985251882982,'0300~0900','MRT Gongguan Sta.(Exit 2)','2016-11-07 00:00:00',2),(74,751381001549956,'0900~1500','Taipei City Hospital Renai Branch','2016-08-21 00:00:00',1),(75,797892596895256,'2100~0300','MRT Liuzhangli Sta.','2016-09-21 00:00:00',5),(76,859762000778902,'0900~1500','Roosevelt & Xinsheng S. Intersection','2016-09-19 00:00:00',3),(77,714517458570621,'0900~1500','MRT Zhongxiao Xinsheng Sta.(Exit 3)','2016-11-20 00:00:00',5),(78,767501586604192,'0900~1500','Dunhua & Keelung Intersection','2016-04-22 00:00:00',2),(79,1046551655359853,'2100~0300','Daan Sports Center','2016-11-17 00:00:00',5),(80,736764396420505,'2100~0300','Taipei City Hospital Renai Branch','2016-08-15 00:00:00',1),(81,10201595431198897,'2100~0300','MRT Linguang Sta. (Exit 2)','2016-10-15 00:00:00',1),(82,1084512708232935,'2100~0300','Daan Sports Center','2016-05-10 00:00:00',2),(83,895007147195591,'1500~2100','MRT Technology Bldg. Sta.','2016-03-24 00:00:00',3),(84,715901385155484,'2100~0300','MRT Taipower Building Sta. (Exit 2)','2016-06-08 00:00:00',5),(85,769775749767411,'2100~0300','George Cocational High School of Taipei','2016-08-17 00:00:00',1),(86,639839956106913,'0300~0900','Taipei City Hospital Renai Branch','2016-01-19 00:00:00',4),(87,977070988990351,'2100~0300','MRT Dongmen Sta. (Exit 4)','2016-07-17 00:00:00',2),(88,683625235037983,'2100~0300','Xinhai & Xinsheng Intersection','2016-04-06 00:00:00',3),(89,10202905067540425,'0300~0900','Taipei Public Library','2016-06-17 00:00:00',4),(90,882630725086918,'0300~0900','MRT Xinyi Anhe Sta.','2016-09-21 00:00:00',1),(91,892783500851619,'2100~0300','LiuGong Park','2016-01-21 00:00:00',1),(92,895007147195591,'0900~1500','Longmen Square','2016-07-03 00:00:00',3),(93,10202164976100646,'0900~1500','MRT Zhongxiao Xinsheng Sta.(Exit 3)','2016-10-21 00:00:00',5),(94,882630725086918,'2100~0300','MRT Dongmen Sta. (Exit 4)','2016-03-22 00:00:00',5),(95,855601941175598,'1500~2100','Xinyi & Dunhua Intersection','2016-08-10 00:00:00',4),(96,769775749767411,'0900~1500','NTU Information Bldg.','2016-03-19 00:00:00',4),(97,725149524246838,'0900~1500','MRT Liuzhangli Sta.','2016-05-06 00:00:00',1),(98,726260940765268,'0900~1500','MRT Zhongxiao Xinsheng Sta.(Exit 3)','2016-03-17 00:00:00',3),(99,570262909770734,'2100~0300','MRT Dongmen Sta. (Exit 4)','2016-05-27 00:00:00',4),(100,685306584894783,'0900~1500','Xinyi & Dunhua Intersection','2016-07-21 00:00:00',3),(101,1046551655359853,'0300~0900','MRT Zhongxiao Xinsheng Sta.(Exit 3)','2016-09-16 00:00:00',5),(102,725149524246838,'1500~2100','NTU Information Bldg.','2016-01-08 00:00:00',5),(103,567235413375125,'0900~1500','Xinyi & Jianguo Intersection','2016-07-13 00:00:00',3),(104,646322525444070,'0300~0900','MRT Gongguan Sta.(Exit 2)','2016-02-19 00:00:00',5),(105,728806103823432,'1500~2100','MRT Linguang Sta. (Exit 2)','2016-07-24 00:00:00',3),(106,1010719742278441,'0300~0900','Keelung & Changxing Intersection','2016-12-19 00:00:00',3),(107,609456349159994,'0300~0900','MRT Taipower Building Sta. (Exit 2)','2016-05-14 00:00:00',4),(108,736764396420505,'2100~0300','MRT Technology Bldg. Sta.','2016-07-07 00:00:00',5),(109,924711544287800,'0900~1500','MRT Zhongxiao Xinsheng Sta.(Exit 3)','2016-02-11 00:00:00',1),(110,892783500851619,'2100~0300','Xinyi & Jianguo Intersection','2016-10-06 00:00:00',4),(111,632625396806126,'0300~0900','NTU Information Bldg.','2016-03-06 00:00:00',1),(112,855601941175598,'1500~2100','MRT Linguang Sta. (Exit 2)','2016-07-01 00:00:00',4),(113,10201338915865840,'0300~0900','Renai & Yanji Intersection','2016-07-24 00:00:00',2),(114,709684542428166,'1500~2100','MRT Xinyi Anhe Sta.','2016-11-09 00:00:00',4),(115,1448164635503917,'2100~0300','MRT Gongguan Sta.(Exit 2)','2016-09-14 00:00:00',1),(116,1475360729443336,'0900~1500','Wolong & Leye Intersection','2016-07-25 00:00:00',4),(117,263952917329772,'0900~1500','Xinyi & Jianguo Intersection','2016-01-10 00:00:00',3),(118,1046551655359853,'1500~2100','Xinyi & Dunhua Intersection','2016-05-02 00:00:00',5),(119,780968308593074,'0300~0900','Taipei Public Library','2016-10-20 00:00:00',3),(120,681985251882982,'2100~0300','Ln. 217, Sec. 3, Zhongxiao E. Rd','2016-06-06 00:00:00',1),(121,729158397161246,'0900~1500','MRT Zhongxiao Fuxing Sta.(Exit 2)','2016-03-03 00:00:00',2),(122,1475360729443336,'1500~2100','Xinyi & Jianguo Intersection','2016-04-04 00:00:00',4),(123,10202787397234763,'0300~0900','Longmen Square','2016-05-24 00:00:00',4),(124,10201338915865840,'0900~1500','MRT Daan Park Sta.','2016-05-25 00:00:00',3),(125,1501049993499116,'0300~0900','MRT Taipower Building Sta. (Exit 2)','2016-11-13 00:00:00',5),(126,780968308593074,'2100~0300','Taipei City Hospital Renai Branch','2016-05-12 00:00:00',4),(127,820871434593070,'0900~1500','Taipei Public Library','2016-09-26 00:00:00',1),(128,544531745691737,'1500~2100','Chengong Public Housing','2016-08-07 00:00:00',5),(129,799677483390716,'1500~2100','MRT S.Y.S Memorial Hall Stataion(Exit 2.)','2016-09-22 00:00:00',2),(130,10201338915865840,'1500~2100','LiuGong Park','2016-10-09 00:00:00',2),(131,1092818100732164,'0900~1500','MRT Gongguan Sta.(Exit 2)','2016-01-07 00:00:00',4),(132,906698606014319,'0300~0900','MRT Technology Bldg. Sta.','2016-08-07 00:00:00',1),(133,855601941175598,'0900~1500','MRT Zhongxiao Xinsheng Sta.(Exit 3)','2016-10-27 00:00:00',4),(134,736127233147868,'0300~0900','Jinshan & Aiguo Intersection','2016-07-18 00:00:00',3),(135,769775749767411,'0300~0900','MRT Gongguan Sta.(Exit 2)','2016-03-14 00:00:00',5),(136,10202823544342972,'0900~1500','MRT Daan Sta.','2016-02-08 00:00:00',1),(137,1084512708232935,'0900~1500','Keelung & Changxing Intersection','2016-02-21 00:00:00',2),(138,877567095642305,'0900~1500','MRT Liuzhangli Sta.','2016-12-17 00:00:00',1),(139,598910150216397,'1500~2100','MRT Daan Sta.','2016-02-23 00:00:00',4),(140,1574098202813423,'0900~1500','MRT Daan Park Sta.','2016-09-20 00:00:00',5),(141,10201595431198897,'0900~1500','Taipei City Hospital Renai Branch','2016-05-27 00:00:00',2),(142,765878893446056,'1500~2100','Daan Sports Center','2016-10-05 00:00:00',5),(143,609456349159994,'0900~1500','LiuGong Park','2016-12-15 00:00:00',3),(144,733347993408853,'2100~0300','MRT Daan Sta.','2016-04-22 00:00:00',5),(145,882211791796153,'0300~0900','MRT Liuzhangli Sta.','2016-02-15 00:00:00',3),(146,1448164635503917,'1500~2100','MRT Technology Bldg. Sta.','2016-05-09 00:00:00',3),(147,632625396806126,'0900~1500','Longmen Square','2016-07-11 00:00:00',3),(148,977070988990351,'2100~0300','MRT Gongguan Sta.(Exit 2)','2016-02-10 00:00:00',2),(149,767613796593941,'0300~0900','JianGuo & Heping Intersection','2016-11-10 00:00:00',2),(150,1498690343676863,'0900~1500','Taipei Public Library','2016-04-22 00:00:00',5),(151,882211791796153,'0300~0900','George Cocational High School of Taipei','2016-08-23 00:00:00',4),(152,759185540786185,'0300~0900','MRT S.Y.S Memorial Hall Stataion(Exit 2.)','2016-07-03 00:00:00',4),(153,810682028953737,'0300~0900','NTU Information Bldg.','2016-08-22 00:00:00',1),(154,736764396420505,'0300~0900','MRT Liuzhangli Sta.','2016-07-09 00:00:00',1),(155,1574098202813423,'0900~1500','Renai & Yanji Intersection','2016-12-10 00:00:00',5),(156,823775410978706,'1500~2100','Xinhai & Xinsheng Intersection','2016-04-05 00:00:00',2),(157,10152463400620844,'1500~2100','LiuGong Park','2016-10-04 00:00:00',4),(158,1470566463182776,'0300~0900','NTNU Library','2016-04-07 00:00:00',1),(159,646322525444070,'1500~2100','Xinyi & Dunhua Intersection','2016-01-14 00:00:00',1),(160,874601359262828,'2100~0300','George Cocational High School of Taipei','2016-09-06 00:00:00',3),(161,10152463400620844,'0300~0900','Xinyi & Jianguo Intersection','2016-11-26 00:00:00',3),(162,729158397161246,'0900~1500','Chengong Public Housing','2016-09-10 00:00:00',2),(163,718639618179994,'2100~0300','George Cocational High School of Taipei','2016-12-20 00:00:00',5),(164,671675519546921,'2100~0300','MRT Gongguan Sta.(Exit 2)','2016-02-11 00:00:00',5),(165,801715649848197,'0300~0900','Daan Sports Center','2016-04-15 00:00:00',5),(166,936444503110135,'2100~0300','Ln. 217, Sec. 3, Zhongxiao E. Rd','2016-03-17 00:00:00',3),(167,10203588775743257,'0900~1500','Ln. 217, Sec. 3, Zhongxiao E. Rd','2016-01-15 00:00:00',4),(168,10202905067540425,'0900~1500','MRT Liuzhangli Sta.','2016-11-06 00:00:00',3),(169,767613796593941,'1500~2100','Ln. 217, Sec. 3, Zhongxiao E. Rd','2016-04-26 00:00:00',4),(170,1550698811829589,'0900~1500','Keelung & Changxing Intersection','2016-07-03 00:00:00',2),(171,718639618179994,'2100~0300','Renai & Yanji Intersection','2016-06-26 00:00:00',1),(172,842414539107738,'0300~0900','MRT S.Y.S Memorial Hall Stataion(Exit 2.)','2016-05-24 00:00:00',2),(173,1046551655359853,'2100~0300','MRT Taipower Building Sta. (Exit 2)','2016-07-24 00:00:00',5),(174,563017643841979,'0900~1500','MRT Zhongxiao Fuxing Sta.(Exit 2)','2016-09-08 00:00:00',5),(175,10201181495538612,'2100~0300','Xinhai & Xinsheng Intersection','2016-12-21 00:00:00',3),(176,683625235037983,'1500~2100','Xinyi & Dunhua Intersection','2016-06-19 00:00:00',2),(177,1010130165675102,'0300~0900','George Cocational High School of Taipei','2016-10-20 00:00:00',5),(178,643614495714683,'0300~0900','MRT Dongmen Sta. (Exit 4)','2016-03-18 00:00:00',5),(179,632625396806126,'1500~2100','Taipei City Hospital Renai Branch','2016-12-03 00:00:00',1),(180,1423238871312789,'1500~2100','MRT Dongmen Sta. (Exit 4)','2016-09-12 00:00:00',5),(181,646322525444070,'2100~0300','Ln. 217, Sec. 3, Zhongxiao E. Rd','2016-09-02 00:00:00',1),(182,884365481587215,'1500~2100','Xinyi & Jianguo Intersection','2016-11-18 00:00:00',3),(183,10203148427190760,'1500~2100','Xinsheng & Heping Intersection','2016-09-10 00:00:00',1),(184,643614495714683,'0300~0900','MRT Xinyi Anhe Sta.','2016-08-26 00:00:00',4),(185,859762000778902,'0900~1500','MRT Daan Sta.','2016-11-12 00:00:00',1),(186,755787311111047,'0300~0900','Taipei Public Library','2016-09-21 00:00:00',1),(187,917651484949645,'2100~0300','Jinshan & Aiguo Intersection','2016-01-27 00:00:00',2),(188,859762000778902,'0300~0900','Xinyi & Dunhua Intersection','2016-09-05 00:00:00',5),(189,729158397161246,'0900~1500','MRT Daan Sta.','2016-07-15 00:00:00',3),(190,733347993408853,'0300~0900','MRT Daan Sta.','2016-09-25 00:00:00',3),(191,728806103823432,'2100~0300','NTNU Library','2016-05-08 00:00:00',4),(192,680521882045519,'2100~0300','MRT Xinyi Anhe Sta.','2016-12-21 00:00:00',1),(193,657494644330752,'1500~2100','MRT Xinyi Anhe Sta.','2016-07-03 00:00:00',5),(194,823775410978706,'0300~0900','Longmen Square','2016-01-21 00:00:00',3),(195,819492721427565,'0300~0900','N.T.U.S.T','2016-10-14 00:00:00',3),(196,890003134351923,'0300~0900','George Cocational High School of Taipei','2016-12-11 00:00:00',1),(197,718639618179994,'0900~1500','NTU Information Bldg.','2016-10-06 00:00:00',4),(198,882630725086918,'1500~2100','Renai & Yanji Intersection','2016-09-14 00:00:00',5),(199,10201595431198897,'0300~0900','Chengong Public Housing','2016-05-17 00:00:00',2),(200,10152803759421958,'0300~0900','Jinshan & Aiguo Intersection','2016-09-13 00:00:00',5);
/*!40000 ALTER TABLE `Check` ENABLE KEYS */;
UNLOCK TABLES;

--
-- Table structure for table `Record`
--

DROP TABLE IF EXISTS `Record`;
/*!40101 SET @saved_cs_client     = @@character_set_client */;
/*!40101 SET character_set_client = utf8 */;
CREATE TABLE `Record` (
  `Record_id` int(11) NOT NULL,
  `Check_id` int(11) NOT NULL,
  `Bike_id` int(11) NOT NULL,
  `取車實際時間` datetime NOT NULL,
  `Return_Stop` varchar(45) DEFAULT NULL COMMENT '\n',
  `Return_Time` datetime DEFAULT NULL,
  PRIMARY KEY (`Record_id`),
  KEY `fk_Record_Check1_idx` (`Check_id`),
  KEY `fk_Record_Stop1_idx` (`Return_Stop`),
  KEY `fk_Record_Bike1_idx` (`Bike_id`),
  CONSTRAINT `fk_Record_Bike1` FOREIGN KEY (`Bike_id`) REFERENCES `Bike` (`Bike_id`) ON DELETE NO ACTION ON UPDATE NO ACTION,
  CONSTRAINT `fk_Record_Check1` FOREIGN KEY (`Check_id`) REFERENCES `Check` (`Check_id`) ON DELETE NO ACTION ON UPDATE NO ACTION,
  CONSTRAINT `fk_Record_Stop1` FOREIGN KEY (`Return_Stop`) REFERENCES `Stop` (`Name`) ON DELETE NO ACTION ON UPDATE NO ACTION
) ENGINE=InnoDB DEFAULT CHARSET=utf8;
/*!40101 SET character_set_client = @saved_cs_client */;

--
-- Dumping data for table `Record`
--

LOCK TABLES `Record` WRITE;
/*!40000 ALTER TABLE `Record` DISABLE KEYS */;
INSERT INTO `Record` VALUES (1,1,752,'2016-01-13 09:10:26','Daan Sports Center','2016-01-13 09:48:28'),(2,1,303,'2016-01-13 09:10:26','Daan Sports Center','2016-01-13 09:48:32'),(3,1,9,'2016-01-13 09:10:26','Daan Sports Center','2016-01-13 09:48:28'),(4,1,304,'2016-01-13 09:10:26','Daan Sports Center','2016-01-13 09:48:58'),(5,1,105,'2016-01-13 09:10:26','Daan Sports Center','2016-01-13 09:48:04'),(6,2,556,'2016-06-07 09:11:54','MRT Linguang Sta. (Exit 2)','2016-06-07 09:42:23'),(7,2,204,'2016-06-07 09:11:54','MRT Linguang Sta. (Exit 2)','2016-06-07 09:42:30'),(8,2,291,'2016-06-07 09:11:54','MRT Linguang Sta. (Exit 2)','2016-06-07 09:42:30'),(9,2,361,'2016-06-07 09:11:54','MRT Linguang Sta. (Exit 2)','2016-06-07 09:42:16'),(10,3,27,'2016-07-18 21:15:42','MRT Dongmen Sta. (Exit 4)','2016-07-18 21:45:58'),(11,3,755,'2016-07-18 21:15:42','MRT Dongmen Sta. (Exit 4)','2016-07-18 21:45:57'),(12,3,753,'2016-07-18 21:15:42','MRT Dongmen Sta. (Exit 4)','2016-07-18 21:45:53'),(13,3,175,'2016-07-18 21:15:42','MRT Dongmen Sta. (Exit 4)','2016-07-18 21:45:06'),(14,3,288,'2016-07-18 21:15:42','MRT Dongmen Sta. (Exit 4)','2016-07-18 21:45:34'),(15,4,195,'2016-02-05 21:29:53','Xinsheng & Heping Intersection','2016-02-05 21:36:52'),(16,4,328,'2016-02-05 21:29:53','Xinsheng & Heping Intersection','2016-02-05 21:36:32'),(17,4,188,'2016-02-05 21:29:53','Xinsheng & Heping Intersection','2016-02-05 21:36:46'),(18,5,613,'2016-12-21 21:06:39','Xinyi & Jianguo Intersection','2016-12-21 21:34:58'),(19,5,44,'2016-12-21 21:06:39','Xinyi & Jianguo Intersection','2016-12-21 21:34:03'),(20,5,622,'2016-12-21 21:06:39','Xinyi & Jianguo Intersection','2016-12-21 21:34:21'),(21,5,626,'2016-12-21 21:06:39','Xinyi & Jianguo Intersection','2016-12-21 21:34:07'),(22,6,499,'2016-12-06 03:08:21','Wolong & Leye Intersection','2016-12-06 03:43:23'),(23,6,421,'2016-12-06 03:08:21','Wolong & Leye Intersection','2016-12-06 03:43:40'),(24,6,74,'2016-12-06 03:08:21','Wolong & Leye Intersection','2016-12-06 03:43:09'),(25,6,404,'2016-12-06 03:08:21','Wolong & Leye Intersection','2016-12-06 03:43:43'),(26,7,201,'2016-01-08 09:22:30','Taipei Public Library','2016-01-08 09:43:05'),(27,7,35,'2016-01-08 09:22:30','Taipei Public Library','2016-01-08 09:43:38'),(28,8,390,'2016-11-16 09:14:32','LiuGong Park','2016-11-16 09:39:46'),(29,8,203,'2016-11-16 09:14:32','LiuGong Park','2016-11-16 09:39:28'),(30,8,423,'2016-11-16 09:14:32','LiuGong Park','2016-11-16 09:39:00'),(31,8,218,'2016-11-16 09:14:32','LiuGong Park','2016-11-16 09:39:59'),(32,9,688,'2016-04-02 15:22:10','Renai & Yanji Intersection','2016-04-02 15:43:50'),(33,9,487,'2016-04-02 15:22:10','Renai & Yanji Intersection','2016-04-02 15:43:39'),(34,9,111,'2016-04-02 15:22:10','Renai & Yanji Intersection','2016-04-02 15:43:26'),(35,9,657,'2016-04-02 15:22:10','Renai & Yanji Intersection','2016-04-02 15:43:43'),(36,10,75,'2016-04-11 09:15:01','George Cocational High School of Taipei','2016-04-11 09:35:49'),(37,10,641,'2016-04-11 09:15:01','George Cocational High School of Taipei','2016-04-11 09:35:26'),(38,10,621,'2016-04-11 09:15:01','George Cocational High School of Taipei','2016-04-11 09:35:21'),(39,11,490,'2016-11-21 21:11:04','MRT Linguang Sta. (Exit 2)','2016-11-21 21:40:57'),(40,12,758,'2016-09-10 03:07:44','MRT Technology Bldg. Sta.','2016-09-10 03:53:37'),(41,12,550,'2016-09-10 03:07:44','MRT Technology Bldg. Sta.','2016-09-10 03:53:00'),(42,12,281,'2016-09-10 03:07:44','MRT Technology Bldg. Sta.','2016-09-10 03:53:57'),(43,12,410,'2016-09-10 03:07:44','MRT Technology Bldg. Sta.','2016-09-10 03:53:15'),(44,13,95,'2016-11-24 09:05:16','Wolong & Leye Intersection','2016-11-24 09:46:48'),(45,14,610,'2016-05-10 09:10:02','MRT Linguang Sta. (Exit 2)','2016-05-10 09:35:13'),(46,14,442,'2016-05-10 09:10:02','MRT Linguang Sta. (Exit 2)','2016-05-10 09:35:39'),(47,15,66,'2016-02-17 03:04:34','Jinshan & Aiguo Intersection','2016-02-17 03:41:56'),(48,15,495,'2016-02-17 03:04:34','Jinshan & Aiguo Intersection','2016-02-17 03:41:58'),(49,15,395,'2016-02-17 03:04:34','Jinshan & Aiguo Intersection','2016-02-17 03:41:07'),(50,16,693,'2016-06-04 03:03:33','Longmen Square','2016-06-04 03:59:08'),(51,16,228,'2016-06-04 03:03:33','Longmen Square','2016-06-04 03:59:17'),(52,16,1,'2016-06-04 03:03:33','Longmen Square','2016-06-04 03:59:05'),(53,17,20,'2016-02-07 03:22:30','Xinhai & Xinsheng Intersection','2016-02-07 03:40:06'),(54,18,256,'2016-10-02 03:25:00','Daan Sports Center','2016-10-02 03:39:50'),(55,19,529,'2016-08-22 03:06:45','George Cocational High School of Taipei','2016-08-22 03:59:20'),(56,20,514,'2016-05-05 03:04:51','JianGuo & Heping Intersection','2016-05-05 03:36:32'),(57,20,212,'2016-05-05 03:04:51','JianGuo & Heping Intersection','2016-05-05 03:36:01'),(58,20,540,'2016-05-05 03:04:51','JianGuo & Heping Intersection','2016-05-05 03:36:15'),(59,20,643,'2016-05-05 03:04:51','JianGuo & Heping Intersection','2016-05-05 03:36:34'),(60,20,33,'2016-05-05 03:04:51','JianGuo & Heping Intersection','2016-05-05 03:36:56'),(61,21,191,'2016-11-24 09:27:01','MRT Linguang Sta. (Exit 2)','2016-11-24 09:48:38'),(62,21,647,'2016-11-24 09:27:01','MRT Linguang Sta. (Exit 2)','2016-11-24 09:48:18'),(63,21,26,'2016-11-24 09:27:01','MRT Linguang Sta. (Exit 2)','2016-11-24 09:48:51'),(64,22,10,'2016-11-17 03:08:17','MRT Daan Sta.','2016-11-17 03:52:57'),(65,23,296,'2016-07-10 09:22:32','MRT Dongmen Sta. (Exit 4)','2016-07-10 09:41:00'),(66,23,238,'2016-07-10 09:22:32','MRT Dongmen Sta. (Exit 4)','2016-07-10 09:41:27'),(67,24,214,'2016-02-09 09:11:07','MRT Linguang Sta. (Exit 2)','2016-02-09 09:40:17'),(68,25,334,'2016-04-22 09:25:31','Taipei Public Library','2016-04-22 09:56:02'),(69,26,58,'2016-09-17 03:28:23','Taipei City Hospital Renai Branch','2016-09-17 03:39:49'),(70,26,591,'2016-09-17 03:28:23','Taipei City Hospital Renai Branch','2016-09-17 03:39:00'),(71,26,379,'2016-09-17 03:28:23','Taipei City Hospital Renai Branch','2016-09-17 03:39:49'),(72,26,17,'2016-09-17 03:28:23','Taipei City Hospital Renai Branch','2016-09-17 03:39:10'),(73,26,482,'2016-09-17 03:28:23','Taipei City Hospital Renai Branch','2016-09-17 03:39:20'),(74,27,435,'2016-02-10 09:07:31','Wolong & Leye Intersection','2016-02-10 09:41:44'),(75,27,700,'2016-02-10 09:07:31','Wolong & Leye Intersection','2016-02-10 09:41:37'),(76,27,166,'2016-02-10 09:07:31','Wolong & Leye Intersection','2016-02-10 09:41:13'),(77,28,449,'2016-08-18 09:02:00','MRT Dongmen Sta. (Exit 4)','2016-08-18 09:45:48'),(78,28,261,'2016-08-18 09:02:00','MRT Dongmen Sta. (Exit 4)','2016-08-18 09:45:28'),(79,29,18,'2016-07-09 15:01:34','Roosevelt & Xinsheng S. Intersection','2016-07-09 15:56:03'),(80,29,120,'2016-07-09 15:01:34','Roosevelt & Xinsheng S. Intersection','2016-07-09 15:56:42'),(81,29,98,'2016-07-09 15:01:34','Roosevelt & Xinsheng S. Intersection','2016-07-09 15:56:57'),(82,30,536,'2016-04-11 15:25:42','MRT Daan Sta.','2016-04-11 15:54:25'),(83,31,391,'2016-10-20 15:04:47','Xinhai & Xinsheng Intersection','2016-10-20 15:40:24'),(84,31,24,'2016-10-20 15:04:47','Xinhai & Xinsheng Intersection','2016-10-20 15:40:22'),(85,31,590,'2016-10-20 15:04:47','Xinhai & Xinsheng Intersection','2016-10-20 15:40:06'),(86,32,299,'2016-05-19 03:10:42','MRT Zhongxiao Xinsheng Sta.(Exit 3)','2016-05-19 03:54:59'),(87,32,224,'2016-05-19 03:10:42','MRT Zhongxiao Xinsheng Sta.(Exit 3)','2016-05-19 03:54:18'),(88,32,427,'2016-05-19 03:10:42','MRT Zhongxiao Xinsheng Sta.(Exit 3)','2016-05-19 03:54:11'),(89,33,68,'2016-09-22 09:22:39','George Cocational High School of Taipei','2016-09-22 09:47:08'),(90,34,537,'2016-05-15 15:25:40','MRT S.Y.S Memorial Hall Stataion(Exit 2.)','2016-05-15 15:40:08'),(91,34,447,'2016-05-15 15:25:40','MRT S.Y.S Memorial Hall Stataion(Exit 2.)','2016-05-15 15:40:31'),(92,35,546,'2016-05-24 03:16:57','Xinhai & Xinsheng Intersection','2016-05-24 03:49:14'),(93,35,359,'2016-05-24 03:16:57','Xinhai & Xinsheng Intersection','2016-05-24 03:49:36'),(94,35,29,'2016-05-24 03:16:57','Xinhai & Xinsheng Intersection','2016-05-24 03:49:33'),(95,35,182,'2016-05-24 03:16:57','Xinhai & Xinsheng Intersection','2016-05-24 03:49:24'),(96,36,240,'2016-07-06 15:10:35','Jinshan & Aiguo Intersection','2016-07-06 15:36:10'),(97,36,406,'2016-07-06 15:10:35','Jinshan & Aiguo Intersection','2016-07-06 15:36:37'),(98,36,671,'2016-07-06 15:10:35','Jinshan & Aiguo Intersection','2016-07-06 15:36:33'),(99,37,146,'2016-10-11 03:23:43','Wolong & Leye Intersection','2016-10-11 03:36:35'),(100,37,384,'2016-10-11 03:23:43','Wolong & Leye Intersection','2016-10-11 03:36:20'),(101,38,560,'2016-05-03 09:21:54','LiuGong Park','2016-05-03 09:45:58'),(102,38,617,'2016-05-03 09:21:54','LiuGong Park','2016-05-03 09:45:32'),(103,38,210,'2016-05-03 09:21:54','LiuGong Park','2016-05-03 09:45:34'),(104,38,269,'2016-05-03 09:21:54','LiuGong Park','2016-05-03 09:45:13'),(105,39,217,'2016-05-18 15:22:38','LiuGong Park','2016-05-18 15:53:15'),(106,39,437,'2016-05-18 15:22:38','LiuGong Park','2016-05-18 15:53:55'),(107,40,326,'2016-03-04 21:04:41','Chengong Public Housing','2016-03-04 21:47:06'),(108,40,258,'2016-03-04 21:04:41','Chengong Public Housing','2016-03-04 21:47:38'),(109,40,661,'2016-03-04 21:04:41','Chengong Public Housing','2016-03-04 21:47:09'),(110,41,424,'2016-09-22 03:13:34','Ln. 217, Sec. 3, Zhongxiao E. Rd','2016-09-22 03:42:33'),(111,41,588,'2016-09-22 03:13:34','Ln. 217, Sec. 3, Zhongxiao E. Rd','2016-09-22 03:42:49'),(112,42,338,'2016-12-15 09:12:44','Xinhai & Xinsheng Intersection','2016-12-15 09:45:36'),(113,43,124,'2016-09-16 09:15:43','Wolong & Leye Intersection','2016-09-16 09:55:11'),(114,43,144,'2016-09-16 09:15:43','Wolong & Leye Intersection','2016-09-16 09:55:23'),(115,43,411,'2016-09-16 09:15:43','Wolong & Leye Intersection','2016-09-16 09:55:12'),(116,43,708,'2016-09-16 09:15:43','Wolong & Leye Intersection','2016-09-16 09:55:23'),(117,44,640,'2016-02-19 09:26:26','NTNU Library','2016-02-19 09:41:37'),(118,45,653,'2016-09-22 03:13:52','LiuGong Park','2016-09-22 03:52:34'),(119,45,53,'2016-09-22 03:13:52','LiuGong Park','2016-09-22 03:52:04'),(120,45,178,'2016-09-22 03:13:52','LiuGong Park','2016-09-22 03:52:28'),(121,45,80,'2016-09-22 03:13:52','LiuGong Park','2016-09-22 03:52:53'),(122,46,443,'2016-03-21 09:00:06','MRT Zhongxiao Xinsheng Sta.(Exit 3)','2016-03-21 09:39:59'),(123,46,99,'2016-03-21 09:00:06','MRT Zhongxiao Xinsheng Sta.(Exit 3)','2016-03-21 09:39:22'),(124,46,720,'2016-03-21 09:00:06','MRT Zhongxiao Xinsheng Sta.(Exit 3)','2016-03-21 09:39:08'),(125,47,349,'2016-11-07 03:05:30','N.T.U.S.T','2016-11-07 03:53:36'),(126,47,541,'2016-11-07 03:05:30','N.T.U.S.T','2016-11-07 03:53:52'),(127,48,336,'2016-07-10 15:08:37','MRT Gongguan Sta.(Exit 2)','2016-07-10 15:37:01'),(128,48,438,'2016-07-10 15:08:37','MRT Gongguan Sta.(Exit 2)','2016-07-10 15:37:32'),(129,49,117,'2016-08-11 21:07:09','MRT Daan Park Sta.','2016-08-11 21:52:40'),(130,49,371,'2016-08-11 21:07:09','MRT Daan Park Sta.','2016-08-11 21:52:19'),(131,50,453,'2016-07-03 03:09:15','Keelung & Changxing Intersection','2016-07-03 03:42:57'),(132,51,272,'2016-01-22 15:05:13','Xinyi & Dunhua Intersection','2016-01-22 15:59:53'),(133,51,40,'2016-01-22 15:05:13','Xinyi & Dunhua Intersection','2016-01-22 15:59:30'),(134,51,88,'2016-01-22 15:05:13','Xinyi & Dunhua Intersection','2016-01-22 15:59:27'),(135,51,170,'2016-01-22 15:05:13','Xinyi & Dunhua Intersection','2016-01-22 15:59:15'),(136,51,236,'2016-01-22 15:05:13','Xinyi & Dunhua Intersection','2016-01-22 15:59:38'),(137,52,631,'2016-06-23 03:26:26','MRT Zhongxiao Fuxing Sta.(Exit 2)','2016-06-23 03:34:48'),(138,53,723,'2016-09-04 03:28:20','Longmen Square','2016-09-04 03:55:18'),(139,53,636,'2016-09-04 03:28:20','Longmen Square','2016-09-04 03:55:25'),(140,53,300,'2016-09-04 03:28:20','Longmen Square','2016-09-04 03:55:29'),(141,54,367,'2016-04-02 03:21:47','N.T.U.S.T','2016-04-02 03:56:02'),(142,54,407,'2016-04-02 03:21:47','N.T.U.S.T','2016-04-02 03:56:32'),(143,55,452,'2016-08-11 21:25:45','MRT Liuzhangli Sta.','2016-08-11 21:51:06'),(144,55,659,'2016-08-11 21:25:45','MRT Liuzhangli Sta.','2016-08-11 21:51:35'),(145,55,726,'2016-08-11 21:25:45','MRT Liuzhangli Sta.','2016-08-11 21:51:06'),(146,55,527,'2016-08-11 21:25:45','MRT Liuzhangli Sta.','2016-08-11 21:51:23'),(147,55,278,'2016-08-11 21:25:45','MRT Liuzhangli Sta.','2016-08-11 21:51:33'),(148,56,221,'2016-06-14 15:25:08','Renai & Yanji Intersection','2016-06-14 15:49:27'),(149,57,365,'2016-01-18 15:19:28','Jinshan & Aiguo Intersection','2016-01-18 15:36:38'),(150,58,594,'2016-01-23 21:28:45','Jinshan & Aiguo Intersection','2016-01-23 21:30:27'),(151,59,501,'2016-12-21 15:13:25','Dunhua & Keelung Intersection','2016-12-21 15:51:06'),(152,59,112,'2016-12-21 15:13:25','Dunhua & Keelung Intersection','2016-12-21 15:51:04'),(153,60,169,'2016-07-10 03:29:37','MRT Dongmen Sta. (Exit 4)','2016-07-10 03:43:16'),(154,60,567,'2016-07-10 03:29:37','MRT Dongmen Sta. (Exit 4)','2016-07-10 03:43:22'),(155,60,718,'2016-07-10 03:29:37','MRT Dongmen Sta. (Exit 4)','2016-07-10 03:43:52'),(156,61,607,'2016-01-16 21:15:14','Ln. 217, Sec. 3, Zhongxiao E. Rd','2016-01-16 21:37:20'),(157,61,581,'2016-01-16 21:15:14','Ln. 217, Sec. 3, Zhongxiao E. Rd','2016-01-16 21:37:53'),(158,61,207,'2016-01-16 21:15:14','Ln. 217, Sec. 3, Zhongxiao E. Rd','2016-01-16 21:37:23'),(159,62,356,'2016-01-21 09:14:25','Xinyi & Dunhua Intersection','2016-01-21 09:52:58'),(160,63,409,'2016-11-14 09:24:26','Taipei City Hospital Renai Branch','2016-11-14 09:47:54'),(161,63,706,'2016-11-14 09:24:26','Taipei City Hospital Renai Branch','2016-11-14 09:47:43'),(162,63,320,'2016-11-14 09:24:26','Taipei City Hospital Renai Branch','2016-11-14 09:47:55'),(163,63,524,'2016-11-14 09:24:26','Taipei City Hospital Renai Branch','2016-11-14 09:47:00'),(164,63,415,'2016-11-14 09:24:26','Taipei City Hospital Renai Branch','2016-11-14 09:47:24'),(165,64,229,'2016-06-22 21:22:23','Taipei City Hospital Renai Branch','2016-06-22 21:50:09'),(166,65,721,'2016-06-12 03:10:02','N.T.U.S.T','2016-06-12 03:48:53'),(167,65,352,'2016-06-12 03:10:02','N.T.U.S.T','2016-06-12 03:48:55'),(168,66,604,'2016-10-18 09:27:30','LiuGong Park','2016-10-18 09:50:26'),(169,66,343,'2016-10-18 09:27:30','LiuGong Park','2016-10-18 09:50:58'),(170,66,279,'2016-10-18 09:27:30','LiuGong Park','2016-10-18 09:50:56'),(171,66,692,'2016-10-18 09:27:30','LiuGong Park','2016-10-18 09:50:46'),(172,67,670,'2016-05-07 09:21:47','MRT Liuzhangli Sta.','2016-05-07 09:59:55'),(173,67,46,'2016-05-07 09:21:47','MRT Liuzhangli Sta.','2016-05-07 09:59:48'),(174,68,595,'2016-05-22 15:21:11','MRT Daan Sta.','2016-05-22 15:30:28'),(175,68,609,'2016-05-22 15:21:11','MRT Daan Sta.','2016-05-22 15:30:14'),(176,68,56,'2016-05-22 15:21:11','MRT Daan Sta.','2016-05-22 15:30:56'),(177,68,463,'2016-05-22 15:21:11','MRT Daan Sta.','2016-05-22 15:30:43'),(178,68,513,'2016-05-22 15:21:11','MRT Daan Sta.','2016-05-22 15:30:15'),(179,69,682,'2016-01-21 15:24:02','George Cocational High School of Taipei','2016-01-21 15:47:11'),(180,69,57,'2016-01-21 15:24:02','George Cocational High School of Taipei','2016-01-21 15:47:47'),(181,69,230,'2016-01-21 15:24:02','George Cocational High School of Taipei','2016-01-21 15:47:15'),(182,70,145,'2016-05-16 03:14:38','MRT Linguang Sta. (Exit 2)','2016-05-16 03:55:04'),(183,70,710,'2016-05-16 03:14:38','MRT Linguang Sta. (Exit 2)','2016-05-16 03:55:03'),(184,70,97,'2016-05-16 03:14:38','MRT Linguang Sta. (Exit 2)','2016-05-16 03:55:23'),(185,71,586,'2016-10-04 15:22:38','MRT Daan Sta.','2016-10-04 15:37:56'),(186,71,484,'2016-10-04 15:22:38','MRT Daan Sta.','2016-10-04 15:37:34'),(187,71,128,'2016-10-04 15:22:38','MRT Daan Sta.','2016-10-04 15:37:08'),(188,71,289,'2016-10-04 15:22:38','MRT Daan Sta.','2016-10-04 15:37:37'),(189,71,450,'2016-10-04 15:22:38','MRT Daan Sta.','2016-10-04 15:37:27'),(190,72,376,'2016-06-06 09:05:21','MRT Daan Park Sta.','2016-06-06 09:39:03'),(191,72,194,'2016-06-06 09:05:21','MRT Daan Park Sta.','2016-06-06 09:39:39'),(192,72,129,'2016-06-06 09:05:21','MRT Daan Park Sta.','2016-06-06 09:39:45'),(193,73,418,'2016-11-07 03:24:33','Ln. 217, Sec. 3, Zhongxiao E. Rd','2016-11-07 03:32:29'),(194,73,542,'2016-11-07 03:24:33','Ln. 217, Sec. 3, Zhongxiao E. Rd','2016-11-07 03:32:09'),(195,74,51,'2016-08-21 09:21:23','Longmen Square','2016-08-21 09:48:31'),(196,75,193,'2016-09-21 21:19:01','Xinyi & Dunhua Intersection','2016-09-21 21:59:40'),(197,75,393,'2016-09-21 21:19:01','Xinyi & Dunhua Intersection','2016-09-21 21:59:31'),(198,75,503,'2016-09-21 21:19:01','Xinyi & Dunhua Intersection','2016-09-21 21:59:38'),(199,75,476,'2016-09-21 21:19:01','Xinyi & Dunhua Intersection','2016-09-21 21:59:05'),(200,75,173,'2016-09-21 21:19:01','Xinyi & Dunhua Intersection','2016-09-21 21:59:57'),(201,76,12,'2016-09-19 09:05:24','MRT Zhongxiao Fuxing Sta.(Exit 2)','2016-09-19 09:37:33'),(202,76,121,'2016-09-19 09:05:24','MRT Zhongxiao Fuxing Sta.(Exit 2)','2016-09-19 09:37:25'),(203,76,704,'2016-09-19 09:05:24','MRT Zhongxiao Fuxing Sta.(Exit 2)','2016-09-19 09:37:43'),(204,77,150,'2016-11-20 09:27:19','NTNU Library','2016-11-20 09:49:41'),(205,77,54,'2016-11-20 09:27:19','NTNU Library','2016-11-20 09:49:33'),(206,77,102,'2016-11-20 09:27:19','NTNU Library','2016-11-20 09:49:38'),(207,77,198,'2016-11-20 09:27:19','NTNU Library','2016-11-20 09:49:43'),(208,77,205,'2016-11-20 09:27:19','NTNU Library','2016-11-20 09:49:36'),(209,78,530,'2016-04-22 09:00:19','Wolong & Leye Intersection','2016-04-22 09:55:30'),(210,78,623,'2016-04-22 09:00:19','Wolong & Leye Intersection','2016-04-22 09:55:18'),(211,79,374,'2016-11-17 21:21:22','Daan Sports Center','2016-11-17 21:45:40'),(212,79,333,'2016-11-17 21:21:22','Daan Sports Center','2016-11-17 21:45:10'),(213,79,754,'2016-11-17 21:21:22','Daan Sports Center','2016-11-17 21:45:21'),(214,79,41,'2016-11-17 21:21:22','Daan Sports Center','2016-11-17 21:45:07'),(215,79,539,'2016-11-17 21:21:22','Daan Sports Center','2016-11-17 21:45:19'),(216,80,183,'2016-08-15 21:17:46','MRT Linguang Sta. (Exit 2)','2016-08-15 21:53:29'),(217,81,257,'2016-10-15 21:24:09','Roosevelt & Xinsheng S. Intersection','2016-10-15 21:59:44'),(218,82,678,'2016-05-10 21:10:54','JianGuo & Heping Intersection','2016-05-10 21:37:48'),(219,82,108,'2016-05-10 21:10:54','JianGuo & Heping Intersection','2016-05-10 21:37:51'),(220,83,259,'2016-03-24 15:03:15','N.T.U.S.T','2016-03-24 15:49:06'),(221,83,751,'2016-03-24 15:03:15','N.T.U.S.T','2016-03-24 15:49:09'),(222,83,368,'2016-03-24 15:03:15','N.T.U.S.T','2016-03-24 15:49:55'),(223,84,715,'2016-06-08 21:21:32','MRT Xinyi Anhe Sta.','2016-06-08 21:39:32'),(224,84,342,'2016-06-08 21:21:32','MRT Xinyi Anhe Sta.','2016-06-08 21:39:41'),(225,84,619,'2016-06-08 21:21:32','MRT Xinyi Anhe Sta.','2016-06-08 21:39:05'),(226,84,239,'2016-06-08 21:21:32','MRT Xinyi Anhe Sta.','2016-06-08 21:39:22'),(227,84,570,'2016-06-08 21:21:32','MRT Xinyi Anhe Sta.','2016-06-08 21:39:30'),(228,85,521,'2016-08-17 21:24:59','Keelung & Changxing Intersection','2016-08-17 21:55:25'),(229,86,184,'2016-01-19 03:11:38','N.T.U.S.T','2016-01-19 03:52:54'),(230,86,420,'2016-01-19 03:11:38','N.T.U.S.T','2016-01-19 03:52:46'),(231,86,119,'2016-01-19 03:11:38','N.T.U.S.T','2016-01-19 03:52:12'),(232,86,662,'2016-01-19 03:11:38','N.T.U.S.T','2016-01-19 03:52:34'),(233,87,695,'2016-07-17 21:15:13','George Cocational High School of Taipei','2016-07-17 21:51:27'),(234,87,295,'2016-07-17 21:15:13','George Cocational High School of Taipei','2016-07-17 21:51:07'),(235,88,571,'2016-04-06 21:13:21','MRT Zhongxiao Xinsheng Sta.(Exit 3)','2016-04-06 21:35:49'),(236,88,142,'2016-04-06 21:13:21','MRT Zhongxiao Xinsheng Sta.(Exit 3)','2016-04-06 21:35:40'),(237,88,127,'2016-04-06 21:13:21','MRT Zhongxiao Xinsheng Sta.(Exit 3)','2016-04-06 21:35:19'),(238,89,138,'2016-06-17 03:25:38','Renai & Yanji Intersection','2016-06-17 03:56:24'),(239,89,67,'2016-06-17 03:25:38','Renai & Yanji Intersection','2016-06-17 03:56:17'),(240,89,318,'2016-06-17 03:25:38','Renai & Yanji Intersection','2016-06-17 03:56:03'),(241,89,614,'2016-06-17 03:25:38','Renai & Yanji Intersection','2016-06-17 03:56:55'),(242,90,110,'2016-09-21 03:26:35','MRT Liuzhangli Sta.','2016-09-21 03:56:36'),(243,91,187,'2016-01-21 21:03:00','Xinsheng & Heping Intersection','2016-01-21 21:58:53'),(244,92,747,'2016-07-03 09:27:14','MRT Daan Park Sta.','2016-07-03 09:50:32'),(245,92,78,'2016-07-03 09:27:14','MRT Daan Park Sta.','2016-07-03 09:50:01'),(246,92,429,'2016-07-03 09:27:14','MRT Daan Park Sta.','2016-07-03 09:50:40'),(247,93,282,'2016-10-21 09:25:50','NTNU Library','2016-10-21 09:54:00'),(248,93,163,'2016-10-21 09:25:50','NTNU Library','2016-10-21 09:54:11'),(249,93,600,'2016-10-21 09:25:50','NTNU Library','2016-10-21 09:54:32'),(250,93,377,'2016-10-21 09:25:50','NTNU Library','2016-10-21 09:54:34'),(251,93,351,'2016-10-21 09:25:50','NTNU Library','2016-10-21 09:54:34'),(252,94,634,'2016-03-22 21:24:08','Daan Sports Center','2016-03-22 21:45:03'),(253,94,21,'2016-03-22 21:24:08','Daan Sports Center','2016-03-22 21:45:40'),(254,94,107,'2016-03-22 21:24:08','Daan Sports Center','2016-03-22 21:45:10'),(255,94,122,'2016-03-22 21:24:08','Daan Sports Center','2016-03-22 21:45:01'),(256,94,42,'2016-03-22 21:24:08','Daan Sports Center','2016-03-22 21:45:11'),(257,95,345,'2016-08-10 15:15:48','Ln. 217, Sec. 3, Zhongxiao E. Rd','2016-08-10 15:42:52'),(258,95,82,'2016-08-10 15:15:48','Ln. 217, Sec. 3, Zhongxiao E. Rd','2016-08-10 15:42:08'),(259,95,275,'2016-08-10 15:15:48','Ln. 217, Sec. 3, Zhongxiao E. Rd','2016-08-10 15:42:36'),(260,95,277,'2016-08-10 15:15:48','Ln. 217, Sec. 3, Zhongxiao E. Rd','2016-08-10 15:42:56'),(261,96,713,'2016-03-19 09:17:37','Xinyi & Jianguo Intersection','2016-03-19 09:38:06'),(262,96,624,'2016-03-19 09:17:37','Xinyi & Jianguo Intersection','2016-03-19 09:38:56'),(263,96,100,'2016-03-19 09:17:37','Xinyi & Jianguo Intersection','2016-03-19 09:38:35'),(264,96,440,'2016-03-19 09:17:37','Xinyi & Jianguo Intersection','2016-03-19 09:38:36'),(265,97,515,'2016-05-06 09:21:07','MRT Daan Sta.','2016-05-06 09:55:07'),(266,98,504,'2016-03-17 09:13:57','MRT Zhongxiao Fuxing Sta.(Exit 2)','2016-03-17 09:55:02'),(267,98,156,'2016-03-17 09:13:57','MRT Zhongxiao Fuxing Sta.(Exit 2)','2016-03-17 09:55:38'),(268,98,750,'2016-03-17 09:13:57','MRT Zhongxiao Fuxing Sta.(Exit 2)','2016-03-17 09:55:00'),(269,99,611,'2016-05-27 21:26:05','Chengong Public Housing','2016-05-27 21:44:50'),(270,99,134,'2016-05-27 21:26:05','Chengong Public Housing','2016-05-27 21:44:36'),(271,99,729,'2016-05-27 21:26:05','Chengong Public Housing','2016-05-27 21:44:22'),(272,99,433,'2016-05-27 21:26:05','Chengong Public Housing','2016-05-27 21:44:29'),(273,100,712,'2016-07-21 09:10:48','MRT Dongmen Sta. (Exit 4)','2016-07-21 09:44:37'),(274,100,547,'2016-07-21 09:10:48','MRT Dongmen Sta. (Exit 4)','2016-07-21 09:44:44'),(275,100,512,'2016-07-21 09:10:48','MRT Dongmen Sta. (Exit 4)','2016-07-21 09:44:31'),(276,101,742,'2016-09-16 03:18:49','Renai & Yanji Intersection','2016-09-16 03:52:40'),(277,101,430,'2016-09-16 03:18:49','Renai & Yanji Intersection','2016-09-16 03:52:22'),(278,101,628,'2016-09-16 03:18:49','Renai & Yanji Intersection','2016-09-16 03:52:49'),(279,101,431,'2016-09-16 03:18:49','Renai & Yanji Intersection','2016-09-16 03:52:53'),(280,101,596,'2016-09-16 03:18:49','Renai & Yanji Intersection','2016-09-16 03:52:30'),(281,102,739,'2016-01-08 15:27:47','Xinhai & Xinsheng Intersection','2016-01-08 15:51:57'),(282,102,89,'2016-01-08 15:27:47','Xinhai & Xinsheng Intersection','2016-01-08 15:51:48'),(283,102,553,'2016-01-08 15:27:47','Xinhai & Xinsheng Intersection','2016-01-08 15:51:35'),(284,102,48,'2016-01-08 15:27:47','Xinhai & Xinsheng Intersection','2016-01-08 15:51:18'),(285,102,535,'2016-01-08 15:27:47','Xinhai & Xinsheng Intersection','2016-01-08 15:51:55'),(286,103,757,'2016-07-13 09:25:07','NTU Information Bldg.','2016-07-13 09:41:38'),(287,103,366,'2016-07-13 09:25:07','NTU Information Bldg.','2016-07-13 09:41:02'),(288,103,416,'2016-07-13 09:25:07','NTU Information Bldg.','2016-07-13 09:41:04'),(289,104,737,'2016-02-19 03:12:34','Longmen Square','2016-02-19 03:47:27'),(290,104,681,'2016-02-19 03:12:34','Longmen Square','2016-02-19 03:47:13'),(291,104,360,'2016-02-19 03:12:34','Longmen Square','2016-02-19 03:47:10'),(292,104,227,'2016-02-19 03:12:34','Longmen Square','2016-02-19 03:47:05'),(293,104,538,'2016-02-19 03:12:34','Longmen Square','2016-02-19 03:47:09'),(294,105,667,'2016-07-24 15:23:02','Xinhai & Xinsheng Intersection','2016-07-24 15:34:27'),(295,105,180,'2016-07-24 15:23:02','Xinhai & Xinsheng Intersection','2016-07-24 15:34:06'),(296,105,344,'2016-07-24 15:23:02','Xinhai & Xinsheng Intersection','2016-07-24 15:34:26'),(297,106,441,'2016-12-19 03:20:39','MRT Technology Bldg. Sta.','2016-12-19 03:49:44'),(298,106,382,'2016-12-19 03:20:39','MRT Technology Bldg. Sta.','2016-12-19 03:49:45'),(299,106,618,'2016-12-19 03:20:39','MRT Technology Bldg. Sta.','2016-12-19 03:49:11'),(300,107,597,'2016-05-14 03:08:56','Renai & Yanji Intersection','2016-05-14 03:51:01'),(301,107,174,'2016-05-14 03:08:56','Renai & Yanji Intersection','2016-05-14 03:51:27'),(302,107,460,'2016-05-14 03:08:56','Renai & Yanji Intersection','2016-05-14 03:51:32'),(303,107,603,'2016-05-14 03:08:56','Renai & Yanji Intersection','2016-05-14 03:51:17'),(304,108,94,'2016-07-07 21:09:48','Renai & Yanji Intersection','2016-07-07 21:47:39'),(305,108,646,'2016-07-07 21:09:48','Renai & Yanji Intersection','2016-07-07 21:47:35'),(306,108,14,'2016-07-07 21:09:48','Renai & Yanji Intersection','2016-07-07 21:47:33'),(307,108,601,'2016-07-07 21:09:48','Renai & Yanji Intersection','2016-07-07 21:47:42'),(308,108,478,'2016-07-07 21:09:48','Renai & Yanji Intersection','2016-07-07 21:47:18'),(309,109,502,'2016-02-11 09:21:07','MRT Liuzhangli Sta.','2016-02-11 09:40:30'),(310,110,740,'2016-10-06 21:14:52','Jinshan & Aiguo Intersection','2016-10-06 21:30:37'),(311,110,506,'2016-10-06 21:14:52','Jinshan & Aiguo Intersection','2016-10-06 21:30:00'),(312,110,733,'2016-10-06 21:14:52','Jinshan & Aiguo Intersection','2016-10-06 21:30:48'),(313,110,106,'2016-10-06 21:14:52','Jinshan & Aiguo Intersection','2016-10-06 21:30:12'),(314,111,4,'2016-03-06 03:21:44','MRT Taipower Building Sta. (Exit 2)','2016-03-06 03:39:58'),(315,112,615,'2016-07-01 15:05:14','Dunhua & Keelung Intersection','2016-07-01 15:51:39'),(316,112,52,'2016-07-01 15:05:14','Dunhua & Keelung Intersection','2016-07-01 15:51:03'),(317,112,189,'2016-07-01 15:05:14','Dunhua & Keelung Intersection','2016-07-01 15:51:35'),(318,112,139,'2016-07-01 15:05:14','Dunhua & Keelung Intersection','2016-07-01 15:51:37'),(319,113,648,'2016-07-24 03:28:37','MRT Linguang Sta. (Exit 2)','2016-07-24 03:43:26'),(320,113,508,'2016-07-24 03:28:37','MRT Linguang Sta. (Exit 2)','2016-07-24 03:43:46'),(321,114,358,'2016-11-09 15:14:16','Xinyi & Dunhua Intersection','2016-11-09 15:47:18'),(322,114,248,'2016-11-09 15:14:16','Xinyi & Dunhua Intersection','2016-11-09 15:47:14'),(323,114,32,'2016-11-09 15:14:16','Xinyi & Dunhua Intersection','2016-11-09 15:47:05'),(324,114,470,'2016-11-09 15:14:16','Xinyi & Dunhua Intersection','2016-11-09 15:47:58'),(325,115,645,'2016-09-14 21:12:25','Ln. 217, Sec. 3, Zhongxiao E. Rd','2016-09-14 21:34:01'),(326,116,606,'2016-07-25 09:15:58','MRT Taipower Building Sta. (Exit 2)','2016-07-25 09:58:27'),(327,116,243,'2016-07-25 09:15:58','MRT Taipower Building Sta. (Exit 2)','2016-07-25 09:58:48'),(328,116,629,'2016-07-25 09:15:58','MRT Taipower Building Sta. (Exit 2)','2016-07-25 09:58:19'),(329,116,575,'2016-07-25 09:15:58','MRT Taipower Building Sta. (Exit 2)','2016-07-25 09:58:45'),(330,117,396,'2016-01-10 09:08:16','LiuGong Park','2016-01-10 09:51:51'),(331,117,483,'2016-01-10 09:08:16','LiuGong Park','2016-01-10 09:51:10'),(332,117,273,'2016-01-10 09:08:16','LiuGong Park','2016-01-10 09:51:08'),(333,118,520,'2016-05-02 15:13:09','MRT Dongmen Sta. (Exit 4)','2016-05-02 15:37:37'),(334,118,701,'2016-05-02 15:13:09','MRT Dongmen Sta. (Exit 4)','2016-05-02 15:37:00'),(335,118,28,'2016-05-02 15:13:09','MRT Dongmen Sta. (Exit 4)','2016-05-02 15:37:26'),(336,118,164,'2016-05-02 15:13:09','MRT Dongmen Sta. (Exit 4)','2016-05-02 15:37:32'),(337,118,544,'2016-05-02 15:13:09','MRT Dongmen Sta. (Exit 4)','2016-05-02 15:37:04'),(338,119,76,'2016-10-20 03:13:19','Roosevelt & Xinsheng S. Intersection','2016-10-20 03:57:42'),(339,119,3,'2016-10-20 03:13:19','Roosevelt & Xinsheng S. Intersection','2016-10-20 03:57:22'),(340,119,458,'2016-10-20 03:13:19','Roosevelt & Xinsheng S. Intersection','2016-10-20 03:57:40'),(341,120,451,'2016-06-06 21:16:33','Xinyi & Jianguo Intersection','2016-06-06 21:48:53'),(342,121,340,'2016-03-03 09:15:50','George Cocational High School of Taipei','2016-03-03 09:48:24'),(343,121,81,'2016-03-03 09:15:50','George Cocational High School of Taipei','2016-03-03 09:48:19'),(344,122,302,'2016-04-04 15:17:17','Wolong & Leye Intersection','2016-04-04 15:49:11'),(345,122,274,'2016-04-04 15:17:17','Wolong & Leye Intersection','2016-04-04 15:49:52'),(346,122,270,'2016-04-04 15:17:17','Wolong & Leye Intersection','2016-04-04 15:49:57'),(347,122,394,'2016-04-04 15:17:17','Wolong & Leye Intersection','2016-04-04 15:49:28'),(348,123,576,'2016-05-24 03:26:37','Dunhua & Keelung Intersection','2016-05-24 03:30:35'),(349,123,79,'2016-05-24 03:26:37','Dunhua & Keelung Intersection','2016-05-24 03:30:02'),(350,123,582,'2016-05-24 03:26:37','Dunhua & Keelung Intersection','2016-05-24 03:30:24'),(351,123,143,'2016-05-24 03:26:37','Dunhua & Keelung Intersection','2016-05-24 03:30:24'),(352,124,519,'2016-05-25 09:16:05','MRT Dongmen Sta. (Exit 4)','2016-05-25 09:38:46'),(353,124,381,'2016-05-25 09:16:05','MRT Dongmen Sta. (Exit 4)','2016-05-25 09:38:01'),(354,124,456,'2016-05-25 09:16:05','MRT Dongmen Sta. (Exit 4)','2016-05-25 09:38:18'),(355,125,135,'2016-11-13 03:15:41','Chengong Public Housing','2016-11-13 03:42:16'),(356,125,605,'2016-11-13 03:15:41','Chengong Public Housing','2016-11-13 03:42:00'),(357,125,329,'2016-11-13 03:15:41','Chengong Public Housing','2016-11-13 03:42:39'),(358,125,398,'2016-11-13 03:15:41','Chengong Public Housing','2016-11-13 03:42:58'),(359,125,158,'2016-11-13 03:15:41','Chengong Public Housing','2016-11-13 03:42:05'),(360,126,251,'2016-05-12 21:29:16','Xinhai & Xinsheng Intersection','2016-05-12 21:38:31'),(361,126,461,'2016-05-12 21:29:16','Xinhai & Xinsheng Intersection','2016-05-12 21:38:25'),(362,126,155,'2016-05-12 21:29:16','Xinhai & Xinsheng Intersection','2016-05-12 21:38:22'),(363,126,673,'2016-05-12 21:29:16','Xinhai & Xinsheng Intersection','2016-05-12 21:38:32'),(364,127,147,'2016-09-26 09:14:16','Jinshan & Aiguo Intersection','2016-09-26 09:35:26'),(365,128,748,'2016-08-07 15:24:18','MRT Technology Bldg. Sta.','2016-08-07 15:38:15'),(366,128,31,'2016-08-07 15:24:18','MRT Technology Bldg. Sta.','2016-08-07 15:38:20'),(367,128,602,'2016-08-07 15:24:18','MRT Technology Bldg. Sta.','2016-08-07 15:38:54'),(368,128,59,'2016-08-07 15:24:18','MRT Technology Bldg. Sta.','2016-08-07 15:38:51'),(369,128,73,'2016-08-07 15:24:18','MRT Technology Bldg. Sta.','2016-08-07 15:38:44'),(370,129,734,'2016-09-22 15:11:53','MRT Zhongxiao Fuxing Sta.(Exit 2)','2016-09-22 15:58:56'),(371,129,387,'2016-09-22 15:11:53','MRT Zhongxiao Fuxing Sta.(Exit 2)','2016-09-22 15:58:53'),(372,130,71,'2016-10-09 15:15:13','Xinsheng & Heping Intersection','2016-10-09 15:46:58'),(373,130,551,'2016-10-09 15:15:13','Xinsheng & Heping Intersection','2016-10-09 15:46:03'),(374,131,462,'2016-01-07 09:03:45','NTNU Library','2016-01-07 09:42:29'),(375,131,473,'2016-01-07 09:03:45','NTNU Library','2016-01-07 09:42:56'),(376,131,223,'2016-01-07 09:03:45','NTNU Library','2016-01-07 09:42:12'),(377,131,432,'2016-01-07 09:03:45','NTNU Library','2016-01-07 09:42:40'),(378,132,649,'2016-08-07 03:18:47','Keelung & Changxing Intersection','2016-08-07 03:57:08'),(379,133,612,'2016-10-27 09:15:17','N.T.U.S.T','2016-10-27 09:57:10'),(380,133,674,'2016-10-27 09:15:17','N.T.U.S.T','2016-10-27 09:57:08'),(381,133,660,'2016-10-27 09:15:17','N.T.U.S.T','2016-10-27 09:57:20'),(382,133,196,'2016-10-27 09:15:17','N.T.U.S.T','2016-10-27 09:57:31'),(383,134,705,'2016-07-18 03:00:39','MRT Daan Park Sta.','2016-07-18 03:53:21'),(384,134,446,'2016-07-18 03:00:39','MRT Daan Park Sta.','2016-07-18 03:53:59'),(385,134,104,'2016-07-18 03:00:39','MRT Daan Park Sta.','2016-07-18 03:53:32'),(386,135,372,'2016-03-14 03:06:15','MRT Linguang Sta. (Exit 2)','2016-03-14 03:55:36'),(387,135,168,'2016-03-14 03:06:15','MRT Linguang Sta. (Exit 2)','2016-03-14 03:55:28'),(388,135,386,'2016-03-14 03:06:15','MRT Linguang Sta. (Exit 2)','2016-03-14 03:55:04'),(389,135,330,'2016-03-14 03:06:15','MRT Linguang Sta. (Exit 2)','2016-03-14 03:55:35'),(390,135,497,'2016-03-14 03:06:15','MRT Linguang Sta. (Exit 2)','2016-03-14 03:55:32'),(391,136,480,'2016-02-08 09:04:09','MRT Zhongxiao Xinsheng Sta.(Exit 3)','2016-02-08 09:47:33'),(392,137,6,'2016-02-21 09:15:01','JianGuo & Heping Intersection','2016-02-21 09:31:54'),(393,137,489,'2016-02-21 09:15:01','JianGuo & Heping Intersection','2016-02-21 09:31:13'),(394,138,23,'2016-12-17 09:01:11','NTNU Library','2016-12-17 09:36:37'),(395,139,455,'2016-02-23 15:18:05','Dunhua & Keelung Intersection','2016-02-23 15:36:49'),(396,139,152,'2016-02-23 15:18:05','Dunhua & Keelung Intersection','2016-02-23 15:36:24'),(397,139,397,'2016-02-23 15:18:05','Dunhua & Keelung Intersection','2016-02-23 15:36:05'),(398,139,161,'2016-02-23 15:18:05','Dunhua & Keelung Intersection','2016-02-23 15:36:06'),(399,140,335,'2016-09-20 09:21:03','Longmen Square','2016-09-20 09:43:06'),(400,140,644,'2016-09-20 09:21:03','Longmen Square','2016-09-20 09:43:25'),(401,140,231,'2016-09-20 09:21:03','Longmen Square','2016-09-20 09:43:53'),(402,140,263,'2016-09-20 09:21:03','Longmen Square','2016-09-20 09:43:09'),(403,140,167,'2016-09-20 09:21:03','Longmen Square','2016-09-20 09:43:15'),(404,141,211,'2016-05-27 09:23:02','Chengong Public Housing','2016-05-27 09:52:57'),(405,141,331,'2016-05-27 09:23:02','Chengong Public Housing','2016-05-27 09:52:42'),(406,142,280,'2016-10-05 15:04:14','Xinsheng & Heping Intersection','2016-10-05 15:53:05'),(407,142,518,'2016-10-05 15:04:14','Xinsheng & Heping Intersection','2016-10-05 15:53:02'),(408,142,153,'2016-10-05 15:04:14','Xinsheng & Heping Intersection','2016-10-05 15:53:21'),(409,142,132,'2016-10-05 15:04:14','Xinsheng & Heping Intersection','2016-10-05 15:53:40'),(410,142,86,'2016-10-05 15:04:14','Xinsheng & Heping Intersection','2016-10-05 15:53:05'),(411,143,654,'2016-12-15 09:15:44','JianGuo & Heping Intersection','2016-12-15 09:42:10'),(412,143,677,'2016-12-15 09:15:44','JianGuo & Heping Intersection','2016-12-15 09:42:56'),(413,143,64,'2016-12-15 09:15:44','JianGuo & Heping Intersection','2016-12-15 09:42:07'),(414,144,363,'2016-04-22 21:10:46','MRT Technology Bldg. Sta.','2016-04-22 21:35:44'),(415,144,703,'2016-04-22 21:10:46','MRT Technology Bldg. Sta.','2016-04-22 21:35:07'),(416,144,549,'2016-04-22 21:10:46','MRT Technology Bldg. Sta.','2016-04-22 21:35:22'),(417,144,686,'2016-04-22 21:10:46','MRT Technology Bldg. Sta.','2016-04-22 21:35:47'),(418,144,16,'2016-04-22 21:10:46','MRT Technology Bldg. Sta.','2016-04-22 21:35:07'),(419,145,305,'2016-02-15 03:29:04','Longmen Square','2016-02-15 03:34:10'),(420,145,557,'2016-02-15 03:29:04','Longmen Square','2016-02-15 03:34:01'),(421,145,425,'2016-02-15 03:29:04','Longmen Square','2016-02-15 03:34:28'),(422,146,696,'2016-05-09 15:23:00','George Cocational High School of Taipei','2016-05-09 15:53:34'),(423,146,573,'2016-05-09 15:23:00','George Cocational High School of Taipei','2016-05-09 15:53:28'),(424,146,707,'2016-05-09 15:23:00','George Cocational High School of Taipei','2016-05-09 15:53:06'),(425,147,255,'2016-07-11 09:08:38','MRT S.Y.S Memorial Hall Stataion(Exit 2.)','2016-07-11 09:51:48'),(426,147,474,'2016-07-11 09:08:38','MRT S.Y.S Memorial Hall Stataion(Exit 2.)','2016-07-11 09:51:52'),(427,147,697,'2016-07-11 09:08:38','MRT S.Y.S Memorial Hall Stataion(Exit 2.)','2016-07-11 09:51:47'),(428,148,448,'2016-02-10 21:12:23','LiuGong Park','2016-02-10 21:56:11'),(429,148,683,'2016-02-10 21:12:23','LiuGong Park','2016-02-10 21:56:57'),(430,149,690,'2016-11-10 03:25:40','Ln. 217, Sec. 3, Zhongxiao E. Rd','2016-11-10 03:41:29'),(431,149,160,'2016-11-10 03:25:40','Ln. 217, Sec. 3, Zhongxiao E. Rd','2016-11-10 03:41:48'),(432,150,77,'2016-04-22 09:25:30','Xinyi & Jianguo Intersection','2016-04-22 09:38:41'),(433,150,627,'2016-04-22 09:25:30','Xinyi & Jianguo Intersection','2016-04-22 09:38:55'),(434,150,216,'2016-04-22 09:25:30','Xinyi & Jianguo Intersection','2016-04-22 09:38:39'),(435,150,250,'2016-04-22 09:25:30','Xinyi & Jianguo Intersection','2016-04-22 09:38:19'),(436,150,192,'2016-04-22 09:25:30','Xinyi & Jianguo Intersection','2016-04-22 09:38:17'),(437,151,15,'2016-08-23 03:06:03','Taipei City Hospital Renai Branch','2016-08-23 03:32:35'),(438,151,479,'2016-08-23 03:06:03','Taipei City Hospital Renai Branch','2016-08-23 03:32:43'),(439,151,378,'2016-08-23 03:06:03','Taipei City Hospital Renai Branch','2016-08-23 03:32:56'),(440,151,684,'2016-08-23 03:06:03','Taipei City Hospital Renai Branch','2016-08-23 03:32:52'),(441,152,639,'2016-07-03 03:19:48','MRT Daan Park Sta.','2016-07-03 03:31:11'),(442,152,25,'2016-07-03 03:19:48','MRT Daan Park Sta.','2016-07-03 03:31:41'),(443,152,266,'2016-07-03 03:19:48','MRT Daan Park Sta.','2016-07-03 03:31:36'),(444,152,84,'2016-07-03 03:19:48','MRT Daan Park Sta.','2016-07-03 03:31:07'),(445,153,185,'2016-08-22 03:11:56','Jinshan & Aiguo Intersection','2016-08-22 03:59:13'),(446,154,465,'2016-07-09 03:19:08','LiuGong Park','2016-07-09 03:46:59'),(447,155,242,'2016-12-10 09:24:22','MRT Taipower Building Sta. (Exit 2)','2016-12-10 09:59:18'),(448,155,587,'2016-12-10 09:24:22','MRT Taipower Building Sta. (Exit 2)','2016-12-10 09:59:16'),(449,155,522,'2016-12-10 09:24:22','MRT Taipower Building Sta. (Exit 2)','2016-12-10 09:59:35'),(450,155,561,'2016-12-10 09:24:22','MRT Taipower Building Sta. (Exit 2)','2016-12-10 09:59:55'),(451,155,405,'2016-12-10 09:24:22','MRT Taipower Building Sta. (Exit 2)','2016-12-10 09:59:41'),(452,156,402,'2016-04-05 15:25:00','MRT Gongguan Sta.(Exit 2)','2016-04-05 15:55:46'),(453,156,69,'2016-04-05 15:25:00','MRT Gongguan Sta.(Exit 2)','2016-04-05 15:55:45'),(454,157,702,'2016-10-04 15:28:30','MRT Xinyi Anhe Sta.','2016-10-04 15:34:58'),(455,157,233,'2016-10-04 15:28:30','MRT Xinyi Anhe Sta.','2016-10-04 15:34:10'),(456,157,19,'2016-10-04 15:28:30','MRT Xinyi Anhe Sta.','2016-10-04 15:34:10'),(457,157,327,'2016-10-04 15:28:30','MRT Xinyi Anhe Sta.','2016-10-04 15:34:13'),(458,158,226,'2016-04-07 03:28:32','NTNU Library','2016-04-07 03:34:07'),(459,159,215,'2016-01-14 15:01:51','NTU Information Bldg.','2016-01-14 15:35:50'),(460,160,7,'2016-09-06 21:01:51','Xinsheng & Heping Intersection','2016-09-06 21:45:26'),(461,160,741,'2016-09-06 21:01:51','Xinsheng & Heping Intersection','2016-09-06 21:45:53'),(462,160,22,'2016-09-06 21:01:51','Xinsheng & Heping Intersection','2016-09-06 21:45:04'),(463,161,738,'2016-11-26 03:08:44','MRT Gongguan Sta.(Exit 2)','2016-11-26 03:31:46'),(464,161,650,'2016-11-26 03:08:44','MRT Gongguan Sta.(Exit 2)','2016-11-26 03:31:36'),(465,161,685,'2016-11-26 03:08:44','MRT Gongguan Sta.(Exit 2)','2016-11-26 03:31:50'),(466,162,637,'2016-09-10 09:08:40','MRT Taipower Building Sta. (Exit 2)','2016-09-10 09:41:23'),(467,162,743,'2016-09-10 09:08:40','MRT Taipower Building Sta. (Exit 2)','2016-09-10 09:41:55'),(468,163,317,'2016-12-20 21:15:26','MRT Taipower Building Sta. (Exit 2)','2016-12-20 21:42:05'),(469,163,61,'2016-12-20 21:15:26','MRT Taipower Building Sta. (Exit 2)','2016-12-20 21:42:03'),(470,163,577,'2016-12-20 21:15:26','MRT Taipower Building Sta. (Exit 2)','2016-12-20 21:42:41'),(471,163,307,'2016-12-20 21:15:26','MRT Taipower Building Sta. (Exit 2)','2016-12-20 21:42:46'),(472,163,481,'2016-12-20 21:15:26','MRT Taipower Building Sta. (Exit 2)','2016-12-20 21:42:39'),(473,164,731,'2016-02-11 21:28:29','Xinsheng & Heping Intersection','2016-02-11 21:34:43'),(474,164,676,'2016-02-11 21:28:29','Xinsheng & Heping Intersection','2016-02-11 21:34:16'),(475,164,466,'2016-02-11 21:28:29','Xinsheng & Heping Intersection','2016-02-11 21:34:24'),(476,164,687,'2016-02-11 21:28:29','Xinsheng & Heping Intersection','2016-02-11 21:34:19'),(477,164,245,'2016-02-11 21:28:29','Xinsheng & Heping Intersection','2016-02-11 21:34:37'),(478,165,691,'2016-04-15 03:02:47','Xinyi & Jianguo Intersection','2016-04-15 03:57:47'),(479,165,116,'2016-04-15 03:02:47','Xinyi & Jianguo Intersection','2016-04-15 03:57:15'),(480,165,658,'2016-04-15 03:02:47','Xinyi & Jianguo Intersection','2016-04-15 03:57:25'),(481,165,459,'2016-04-15 03:02:47','Xinyi & Jianguo Intersection','2016-04-15 03:57:29'),(482,165,369,'2016-04-15 03:02:47','Xinyi & Jianguo Intersection','2016-04-15 03:57:29'),(483,166,350,'2016-03-17 21:07:51','MRT Gongguan Sta.(Exit 2)','2016-03-17 21:52:41'),(484,166,689,'2016-03-17 21:07:51','MRT Gongguan Sta.(Exit 2)','2016-03-17 21:52:02'),(485,166,419,'2016-03-17 21:07:51','MRT Gongguan Sta.(Exit 2)','2016-03-17 21:52:41'),(486,167,675,'2016-01-15 09:05:13','MRT Dongmen Sta. (Exit 4)','2016-01-15 09:30:10'),(487,167,709,'2016-01-15 09:05:13','MRT Dongmen Sta. (Exit 4)','2016-01-15 09:30:57'),(488,167,668,'2016-01-15 09:05:13','MRT Dongmen Sta. (Exit 4)','2016-01-15 09:30:57'),(489,167,500,'2016-01-15 09:05:13','MRT Dongmen Sta. (Exit 4)','2016-01-15 09:30:50'),(490,168,249,'2016-11-06 09:02:10','Xinsheng & Heping Intersection','2016-11-06 09:45:20'),(491,168,115,'2016-11-06 09:02:10','Xinsheng & Heping Intersection','2016-11-06 09:45:09'),(492,168,531,'2016-11-06 09:02:10','Xinsheng & Heping Intersection','2016-11-06 09:45:10'),(493,169,131,'2016-04-26 15:27:23','MRT Daan Park Sta.','2016-04-26 15:49:47'),(494,169,125,'2016-04-26 15:27:23','MRT Daan Park Sta.','2016-04-26 15:49:40'),(495,169,543,'2016-04-26 15:27:23','MRT Daan Park Sta.','2016-04-26 15:49:42'),(496,169,213,'2016-04-26 15:27:23','MRT Daan Park Sta.','2016-04-26 15:49:44'),(497,170,620,'2016-07-03 09:12:56','Longmen Square','2016-07-03 09:36:20'),(498,170,746,'2016-07-03 09:12:56','Longmen Square','2016-07-03 09:36:43'),(499,171,225,'2016-06-26 21:12:54','MRT Taipower Building Sta. (Exit 2)','2016-06-26 21:48:12'),(500,172,154,'2016-05-24 03:13:01','Xinyi & Dunhua Intersection','2016-05-24 03:41:23'),(501,172,552,'2016-05-24 03:13:01','Xinyi & Dunhua Intersection','2016-05-24 03:41:20'),(502,173,413,'2016-07-24 21:13:33','Taipei Public Library','2016-07-24 21:48:00'),(503,173,103,'2016-07-24 21:13:33','Taipei Public Library','2016-07-24 21:48:15'),(504,173,50,'2016-07-24 21:13:33','Taipei Public Library','2016-07-24 21:48:02'),(505,173,666,'2016-07-24 21:13:33','Taipei Public Library','2016-07-24 21:48:28'),(506,173,749,'2016-07-24 21:13:33','Taipei Public Library','2016-07-24 21:48:21'),(507,174,346,'2016-09-08 09:04:16','Longmen Square','2016-09-08 09:44:05'),(508,174,13,'2016-09-08 09:04:16','Longmen Square','2016-09-08 09:44:14'),(509,174,177,'2016-09-08 09:04:16','Longmen Square','2016-09-08 09:44:38'),(510,174,593,'2016-09-08 09:04:16','Longmen Square','2016-09-08 09:44:12'),(511,174,445,'2016-09-08 09:04:16','Longmen Square','2016-09-08 09:44:58'),(512,175,625,'2016-12-21 21:24:16','Daan Sports Center','2016-12-21 21:54:50'),(513,175,315,'2016-12-21 21:24:16','Daan Sports Center','2016-12-21 21:54:54'),(514,175,389,'2016-12-21 21:24:16','Daan Sports Center','2016-12-21 21:54:50'),(515,176,534,'2016-06-19 15:16:25','Roosevelt & Xinsheng S. Intersection','2016-06-19 15:47:21'),(516,176,362,'2016-06-19 15:16:25','Roosevelt & Xinsheng S. Intersection','2016-06-19 15:47:54'),(517,177,200,'2016-10-20 03:19:38','NTU Information Bldg.','2016-10-20 03:59:33'),(518,177,724,'2016-10-20 03:19:38','NTU Information Bldg.','2016-10-20 03:59:14'),(519,177,464,'2016-10-20 03:19:38','NTU Information Bldg.','2016-10-20 03:59:48'),(520,177,293,'2016-10-20 03:19:38','NTU Information Bldg.','2016-10-20 03:59:57'),(521,177,592,'2016-10-20 03:19:38','NTU Information Bldg.','2016-10-20 03:59:15'),(522,178,301,'2016-03-18 03:20:33','MRT Xinyi Anhe Sta.','2016-03-18 03:50:00'),(523,178,528,'2016-03-18 03:20:33','MRT Xinyi Anhe Sta.','2016-03-18 03:50:50'),(524,178,65,'2016-03-18 03:20:33','MRT Xinyi Anhe Sta.','2016-03-18 03:50:29'),(525,178,285,'2016-03-18 03:20:33','MRT Xinyi Anhe Sta.','2016-03-18 03:50:58'),(526,178,401,'2016-03-18 03:20:33','MRT Xinyi Anhe Sta.','2016-03-18 03:50:56'),(527,179,219,'2016-12-03 15:12:58','Keelung & Changxing Intersection','2016-12-03 15:31:20'),(528,180,290,'2016-09-12 15:28:24','Keelung & Changxing Intersection','2016-09-12 15:38:59'),(529,180,337,'2016-09-12 15:28:24','Keelung & Changxing Intersection','2016-09-12 15:38:47'),(530,180,664,'2016-09-12 15:28:24','Keelung & Changxing Intersection','2016-09-12 15:38:46'),(531,180,165,'2016-09-12 15:28:24','Keelung & Changxing Intersection','2016-09-12 15:38:19'),(532,180,208,'2016-09-12 15:28:24','Keelung & Changxing Intersection','2016-09-12 15:38:37'),(533,181,241,'2016-09-02 21:20:51','George Cocational High School of Taipei','2016-09-02 21:40:13'),(534,182,283,'2016-11-18 15:03:39','MRT Liuzhangli Sta.','2016-11-18 15:56:55'),(535,182,656,'2016-11-18 15:03:39','MRT Liuzhangli Sta.','2016-11-18 15:56:15'),(536,182,176,'2016-11-18 15:03:39','MRT Liuzhangli Sta.','2016-11-18 15:56:03'),(537,183,171,'2016-09-10 15:25:32','Xinhai & Xinsheng Intersection','2016-09-10 15:42:28'),(538,184,47,'2016-08-26 03:12:11','MRT Xinyi Anhe Sta.','2016-08-26 03:53:14'),(539,184,92,'2016-08-26 03:12:11','MRT Xinyi Anhe Sta.','2016-08-26 03:53:15'),(540,184,321,'2016-08-26 03:12:11','MRT Xinyi Anhe Sta.','2016-08-26 03:53:12'),(541,184,585,'2016-08-26 03:12:11','MRT Xinyi Anhe Sta.','2016-08-26 03:53:12'),(542,185,234,'2016-11-12 09:27:08','Renai & Yanji Intersection','2016-11-12 09:40:43'),(543,186,580,'2016-09-21 03:13:10','MRT Xinyi Anhe Sta.','2016-09-21 03:31:45'),(544,187,292,'2016-01-27 21:18:57','MRT Liuzhangli Sta.','2016-01-27 21:56:58'),(545,187,323,'2016-01-27 21:18:57','MRT Liuzhangli Sta.','2016-01-27 21:56:18'),(546,188,735,'2016-09-05 03:14:50','LiuGong Park','2016-09-05 03:52:50'),(547,188,373,'2016-09-05 03:14:50','LiuGong Park','2016-09-05 03:52:19'),(548,188,414,'2016-09-05 03:14:50','LiuGong Park','2016-09-05 03:52:48'),(549,188,2,'2016-09-05 03:14:50','LiuGong Park','2016-09-05 03:52:01'),(550,188,72,'2016-09-05 03:14:50','LiuGong Park','2016-09-05 03:52:34'),(551,189,286,'2016-07-15 09:06:31','MRT Zhongxiao Xinsheng Sta.(Exit 3)','2016-07-15 09:50:02'),(552,189,417,'2016-07-15 09:06:31','MRT Zhongxiao Xinsheng Sta.(Exit 3)','2016-07-15 09:50:44'),(553,189,133,'2016-07-15 09:06:31','MRT Zhongxiao Xinsheng Sta.(Exit 3)','2016-07-15 09:50:29'),(554,190,322,'2016-09-25 03:04:40','MRT Zhongxiao Fuxing Sta.(Exit 2)','2016-09-25 03:58:59'),(555,190,555,'2016-09-25 03:04:40','MRT Zhongxiao Fuxing Sta.(Exit 2)','2016-09-25 03:58:14'),(556,190,70,'2016-09-25 03:04:40','MRT Zhongxiao Fuxing Sta.(Exit 2)','2016-09-25 03:58:57'),(557,191,564,'2016-05-08 21:25:30','George Cocational High School of Taipei','2016-05-08 21:42:00'),(558,191,254,'2016-05-08 21:25:30','George Cocational High School of Taipei','2016-05-08 21:42:12'),(559,191,385,'2016-05-08 21:25:30','George Cocational High School of Taipei','2016-05-08 21:42:49'),(560,191,252,'2016-05-08 21:25:30','George Cocational High School of Taipei','2016-05-08 21:42:12'),(561,192,151,'2016-12-21 21:28:33','N.T.U.S.T','2016-12-21 21:51:13'),(562,193,533,'2016-07-03 15:26:58','Xinyi & Dunhua Intersection','2016-07-03 15:39:05'),(563,193,62,'2016-07-03 15:26:58','Xinyi & Dunhua Intersection','2016-07-03 15:39:31'),(564,193,294,'2016-07-03 15:26:58','Xinyi & Dunhua Intersection','2016-07-03 15:39:42'),(565,193,493,'2016-07-03 15:26:58','Xinyi & Dunhua Intersection','2016-07-03 15:39:27'),(566,193,428,'2016-07-03 15:26:58','Xinyi & Dunhua Intersection','2016-07-03 15:39:33'),(567,194,354,'2016-01-21 03:28:53','MRT Zhongxiao Fuxing Sta.(Exit 2)','2016-01-21 03:31:20'),(568,194,30,'2016-01-21 03:28:53','MRT Zhongxiao Fuxing Sta.(Exit 2)','2016-01-21 03:31:31'),(569,194,43,'2016-01-21 03:28:53','MRT Zhongxiao Fuxing Sta.(Exit 2)','2016-01-21 03:31:59'),(570,195,93,'2016-10-14 03:04:17','Jinshan & Aiguo Intersection','2016-10-14 03:30:31'),(571,195,496,'2016-10-14 03:04:17','Jinshan & Aiguo Intersection','2016-10-14 03:30:55'),(572,195,727,'2016-10-14 03:04:17','Jinshan & Aiguo Intersection','2016-10-14 03:30:51'),(573,196,403,'2016-12-11 03:17:50','Longmen Square','2016-12-11 03:32:25'),(574,197,651,'2016-10-06 09:05:24','MRT Daan Park Sta.','2016-10-06 09:53:26'),(575,197,172,'2016-10-06 09:05:24','MRT Daan Park Sta.','2016-10-06 09:53:00'),(576,197,422,'2016-10-06 09:05:24','MRT Daan Park Sta.','2016-10-06 09:53:26'),(577,197,324,'2016-10-06 09:05:24','MRT Daan Park Sta.','2016-10-06 09:53:05'),(578,198,714,'2016-09-14 15:26:52','Wolong & Leye Intersection','2016-09-14 15:51:12'),(579,198,383,'2016-09-14 15:26:52','Wolong & Leye Intersection','2016-09-14 15:51:46'),(580,198,179,'2016-09-14 15:26:52','Wolong & Leye Intersection','2016-09-14 15:51:36'),(581,198,680,'2016-09-14 15:26:52','Wolong & Leye Intersection','2016-09-14 15:51:16'),(582,198,101,'2016-09-14 15:26:52','Wolong & Leye Intersection','2016-09-14 15:51:01'),(583,199,436,'2016-05-17 03:29:11','Renai & Yanji Intersection','2016-05-17 03:51:27'),(584,199,558,'2016-05-17 03:29:11','Renai & Yanji Intersection','2016-05-17 03:51:58'),(585,200,49,'2016-09-13 03:16:34','Jinshan & Aiguo Intersection','2016-09-13 03:31:21'),(586,200,186,'2016-09-13 03:16:34','Jinshan & Aiguo Intersection','2016-09-13 03:31:42'),(587,200,364,'2016-09-13 03:16:34','Jinshan & Aiguo Intersection','2016-09-13 03:31:25'),(588,200,469,'2016-09-13 03:16:34','Jinshan & Aiguo Intersection','2016-09-13 03:31:31'),(589,200,599,'2016-09-13 03:16:34','Jinshan & Aiguo Intersection','2016-09-13 03:31:54');
/*!40000 ALTER TABLE `Record` ENABLE KEYS */;
UNLOCK TABLES;

--
-- Table structure for table `Stop`
--

DROP TABLE IF EXISTS `Stop`;
/*!40101 SET @saved_cs_client     = @@character_set_client */;
/*!40101 SET character_set_client = utf8 */;
CREATE TABLE `Stop` (
  `Name` varchar(50) NOT NULL,
  `Address` varchar(100) NOT NULL,
  `tot` int(11) NOT NULL,
  `sbi` int(11) NOT NULL,
  `bemp` int(11) NOT NULL,
  PRIMARY KEY (`Name`)
) ENGINE=InnoDB DEFAULT CHARSET=utf8;
/*!40101 SET character_set_client = @saved_cs_client */;

--
-- Dumping data for table `Stop`
--

LOCK TABLES `Stop` WRITE;
/*!40000 ALTER TABLE `Stop` DISABLE KEYS */;
INSERT INTO `Stop` VALUES ('Chengong Public Housing','Ln. 198, Siwei Rd./Ln. 1, Sec. 3, Heping E. Rd',36,20,16),('Daan Sports Center','No.55, Sec. 3, Xinhai Rd.',42,12,28),('Dunhua & Keelung Intersection','Sec. 2, Dunhua S. Rd. & Sec. 2, Keelung Rd.',30,13,17),('George Cocational High School of Taipei','No.166, Sec. 2, Keelung Rd.',32,22,10),('JianGuo & Heping Intersection','Sec. 2, Jianguo S. Rd./Sec. 2, Heping E. Rd.',52,14,37),('Jinshan & Aiguo Intersection','The S.W side of Aiguo St. & Jinshan Rd.',54,18,36),('Keelung & Changxing Intersection','The S.W side of Keelung Rd. & Changsing St.',74,32,38),('LiuGong Park','Ln. 75, Sec. 1/Ln. 75, Sec. 1, Da’an Rd.',30,13,15),('Ln. 217, Sec. 3, Zhongxiao E. Rd','No.221, Sec. 3, Zhongxiao E. Rd.',38,22,16),('Longmen Square','Sec. 1, Dunhua S. Rd. & Ln. 236, Sec. 1, Dunhua S. Rd.',52,19,31),('MRT Daan Park Sta.','The S. side of Ln. 31, Sec. 3, Xinyi Rd. & Sec. 3, Xinyi Rd.',74,35,38),('MRT Daan Sta.','The S.W. side of Fuxing S. Rd. & Sec. 3 Xinyi Rd.',58,21,37),('MRT Dongmen Sta. (Exit 4)','Ren’ai Rd. & Lishuei St.',46,15,31),('MRT Gongguan Sta.(Exit 2)','The N.W. side of Roosevelt Rd.& Sinhai Rd.',30,5,25),('MRT Linguang Sta. (Exit 2)','Sec. 3, Heping E. Rd./Ln. 416,Sec. 3, Heping E. Rd.',72,47,23),('MRT Liuzhangli Sta.','The outside of the MRT exit and the side of Heping E. Rd.',38,24,14),('MRT S.Y.S Memorial Hall Stataion(Exit 2.)','Sec,4. Zhongxiao E.Rd/GuangFu S. Rd',48,26,21),('MRT Taipower Building Sta. (Exit 2)','The intersection of Roosevelt Rd. & Xinhai Rd. (Gu Ting Elementary School)',40,23,16),('MRT Technology Bldg. Sta.','No.235, Sec. 2, Fusing S. Rd.',70,35,33),('MRT Xinyi Anhe Sta.','The S.W. side of Tonghua St. & Sec. 4, Xinyi Road., Daan Dist.',30,10,19),('MRT Zhongxiao Fuxing Sta.(Exit 2)','The N.W. side of Sec. 1, Fuxing S. Rd. & Aly. 13, Ln. 123, Sec. 3, Ren’ai Rd.',54,10,43),('MRT Zhongxiao Xinsheng Sta.(Exit 3)','The intersection of Sec. 3, Zhongxiao E. Rd. & Ln. 10, Sec. 3, Zhongxiao E. Rd.',40,16,24),('N.T.U.S.T','The intersection of Sec. 4, Keelung Rd. & Ln. 73, Sec. 4, Keelung Rd',46,19,26),('NTNU Library','The N. side of Heping E. Rd. & Shihda Rd.',34,13,20),('NTU Information Bldg.','Sec. 2, Xinghai Rd. (the outside ofLanguage Center of National Taiwan University)',72,31,41),('Renai & Yanji Intersection','Sec. 4, Ren’ai Rd./Yanji St.',34,13,21),('Roosevelt & Xinsheng S. Intersection','Sec. 4, Roosevelt Rd./Sec. 3, Xinsheng S. Rd.',88,58,28),('Taipei City Hospital Renai Branch','Da’an Rd. & Sec. 4, Sinyi Rd.',36,10,26),('Taipei Public Library','The N.E. side of Sec. 2, Jianguo S. Rd. & Ln. 151, Sec. 2, Jianguo S. Rd.',30,24,6),('Wolong & Leye Intersection','No.267, Wolong St. (opposite)',40,32,6),('Xinhai & Xinsheng Intersection','Under the bridge- Sinhai Rd. & Shinsheng S. Rd.',30,8,22),('Xinsheng & Heping Intersection','The N.E. side of Sec. 2, Xinsheng S. Rd. & Sec. 2, Heping E. Rd',46,36,10),('Xinyi & Dunhua Intersection','The N.E. side of Sec. 4, Xinyi Rd. & Sec. 1, Dunhua S. Rd.',46,16,29),('Xinyi & Jianguo Intersection','The N.S. side of Lianyun St. & Sec. 2, Xinyi Rd.',46,19,26);
/*!40000 ALTER TABLE `Stop` ENABLE KEYS */;
UNLOCK TABLES;

--
-- Table structure for table `Student`
--

DROP TABLE IF EXISTS `Student`;
/*!40101 SET @saved_cs_client     = @@character_set_client */;
/*!40101 SET character_set_client = utf8 */;
CREATE TABLE `Student` (
  `Student_id` bigint(30) NOT NULL,
  `Name` varchar(255) NOT NULL,
  `Sexual` varchar(255) NOT NULL,
  `major_in` varchar(255) NOT NULL,
  PRIMARY KEY (`Student_id`)
) ENGINE=InnoDB DEFAULT CHARSET=utf8;
/*!40101 SET character_set_client = @saved_cs_client */;

--
-- Dumping data for table `Student`
--

LOCK TABLES `Student` WRITE;
/*!40000 ALTER TABLE `Student` DISABLE KEYS */;
INSERT INTO `Student` VALUES (3957924443294,'李庭宇','女','物理三'),(4231778608892,'Huei_Ke','男','機械三'),(4323612026371,'Zi-Lin_Ludwig','女','法律四'),(115844805557308,'Sabrina_ST_Tang','女','土木一'),(130694390599090,'Emi_Inoguchi','女','政治三'),(133995837013401,'Nymph_Kkm','女','物理三'),(157470627982323,'Jason_Chan','女','土木三'),(174223239695715,'Li_Lun','女','外文一'),(174615386206002,'王映涵','女','機械二'),(180840998923678,'Alice_Wu','男','外文四'),(181275402327863,'李晓芸','女','會計一'),(181989505471976,'Cornelle_Yang','女','機械一'),(190749494597176,'陳忠志','女','外文四'),(197887300563955,'Jake_William','男','土木一'),(206662926390732,'Ariana_Liao','女','物理三'),(211373809285529,'Emily_Tseng','女','日文三'),(263952917329772,'Yun-chia_Sun','女','資工二'),(276038966130153,'Tiffany_Wang','女','法律二'),(292475671138169,'Jiang-Noung_Luh','女','國企二'),(304005549796769,'YingHsuan_Su','女','外文二'),(309033809486417,'陳沛汶','男','外文四'),(323045331230833,'陳昱鈞','女','工管二'),(335698743291766,'Do_Ggy_Wang','女','土木四'),(371724222987051,'蔡武憲','女','經濟二'),(373466486140542,'江玫潔','男','工管四'),(413727715437207,'Nancy_Yu','女','機械一'),(433997696745454,'Ingrid_Tsai','男','工管四'),(436922909777550,'李美玟','女','政治四'),(437567096385720,'林鴻政','男','日文三'),(447946135348869,'賴達','男','法律二'),(477662905667494,'游苡汝','女','工管四'),(480051055460720,'Tzu-Ying_Liao','女','法律二'),(480838338714595,'PC_Chen','女','會計一'),(493353740764152,'Chien_Sheng_Chiu','女','電機二'),(495243523952223,'Charlie_Tu','女','國企一'),(499249520213408,'李安','男','外文三'),(509689012506452,'Weiwei_Chao','男','資工一'),(514573638651005,'Chuang_Cheng-hsiang','女','電機三'),(514743855297390,'林辰旻','女','國企二'),(515577295313485,'陳曦','女','外文二'),(539607202818344,'Yu_Heng_Chien','女','政治二'),(544531745691737,'辛賢舜','女','經濟二'),(549079295287793,'Ping-rung_Huang','女','土木四'),(549235048521223,'陳宥嘉','女','會計四'),(549806755139715,'Nick_Chao','女','日文一'),(563017643841979,'闕壯凱','女','法律一'),(567235413375125,'李威德','男','國企三'),(570262909770734,'張偉韜','男','資工二'),(573919446060709,'Hsuan_Yi_Lee','女','日文三'),(579740112180094,'周紹瑋','女','法律四'),(583383838446024,'Bonnie_Liu','女','會計四'),(587027991410987,'李姿旻','女','日文二'),(587942524644343,'Cassia_Lee','女','法律三'),(589724097802164,'Jay_Ho','女','經濟一'),(590880777676169,'Mirabel_Lee','女','工管三'),(593635327445182,'Annabel_Wei','女','土木一'),(595270740570283,'Chia-ke_Liao','女','國企二'),(596785777083761,'林志賢','女','會計二'),(598910150216397,'嚴嘉明','男','工管二'),(600642570013740,'Serena_Lin','女','政治四'),(604147286381089,'翁紫庭','女','物理四'),(607940479301527,'游松偉','女','物理三'),(609456349159994,'Brian_Wang','女','物理三'),(609489172476440,'秦芷涵','女','日文一'),(611091015647619,'張凱婷','女','土木三'),(615899171855417,'Loies_Yang','女','物理四'),(620494184724527,'Alison_Chin','女','政治三'),(621527301273244,'李宗翰','女','國企三'),(622756427800311,'葉宣德','女','日文四'),(623440431080445,'Anthony_Chi','男','物理三'),(623544444401010,'陶子軒','女','電機一'),(623783611048813,'CT_Ling','男','日文三'),(624704454276154,'YiChieh_You','女','工管三'),(624964430933555,'Anny_Chen','女','政治一'),(624976697585513,'林玟秀','女','日文二'),(625170450928600,'薛蓉','女','法律四'),(625227040887606,'陳麒鈞','女','外文四'),(625303097538976,'Vanessa_Kuo','男','資工二'),(626643800755892,'賀云蓁','男','資工三'),(631122950297849,'Gail_Huang','女','物理四'),(631854536889914,'Tzu-Min_Tsai','女','工管三'),(632625396806126,'吳慧文','男','日文三'),(635533453195921,'邱柏元','女','機械一'),(636180286476932,'邱元','男','國企一'),(636871219724250,'Demi_Chiu','男','工管四'),(637801362968256,'陳世諦','女','外文三'),(637871929645507,'林翔翾','女','資工三'),(639052389525026,'陳柏昇','男','電機二'),(639495172798152,'Miya_Chung','女','日文三'),(639839956106913,'鄭羽祺','男','外文四'),(640181069405307,'黃懷容','男','物理二'),(640888469324966,'廖苡彤','男','法律三'),(641105319312416,'Jingsyuan_Zeng','女','工管二'),(641663892589740,'姜沛萱','女','土木三'),(643399755737425,'Shawdi_Wen','女','工管二'),(643614495714683,'Kevin_Lee','女','土木四'),(643842515749848,'楊廣元','女','機械二'),(643860065760576,'吳瑋庭','男','資工四'),(645825938833895,'陳昭碩','女','物理四'),(646322525444070,'Joy_Yu','女','機械三'),(646390585462654,'Zion_Kim','男','資工二'),(646963058724898,'張靜玉','男','法律二'),(649198251801100,'陳欣笛','女','政治二'),(649712211730732,'黃冠綸','男','國企二'),(650767941697054,'鄭伊芩','女','資工四'),(652811501451406,'鍾巧庭','女','國企三'),(654787754597190,'徐敬儒','女','工管二'),(654874984627164,'Liu_Aaron','女','工管二'),(655277091232291,'Katherine_Chen','男','工管三'),(655565841165287,'張芸禎','男','物理三'),(656638484418796,'蘇筱庭','男','經濟二'),(657013921014571,'程郁淇','男','會計二'),(657494644330752,'陳奎元','女','外文二'),(659531330806310,'Chang_Chih_Wei','女','國企四'),(660004924134451,'Judy_Chen','女','機械三'),(660869247324768,'Shang-Yen_Lee','男','日文二'),(662107000535130,'李欣樺','女','外文四'),(662610467169684,'沈家妤','女','物理三'),(664477096960181,'呂家安','女','政治一'),(667643593331284,'翁鈺清','女','會計四'),(667733423263317,'楊世銓','女','政治四'),(668258733255403,'陳宜靜','男','工管三'),(669784606402373,'郭悅齊','女','工管三'),(669963533051292,'顏志穎','男','國企三'),(671675519546921,'莊葦白','女','電機二'),(673213476048905,'李亭亭','女','法律一'),(675020375909826,'黃怡瑄','女','電機三'),(675497179210806,'尹琳惠','女','電機三'),(675847665798092,'Harry_Lin','女','電機四'),(676862359053117,'Alice_Huang','女','會計二'),(677840612281555,'Selina_Hsin-Yu_Lee','男','機械一'),(679242252124073,'李易霖','女','資工一'),(679894015434172,'莊婷芳','女','電機四'),(680521882045519,'林佩鈺','女','日文一'),(680538132017077,'Hsin_Yi_Tsao','女','法律四'),(681293008597698,'Fan-Chun_Kuo','女','資工四'),(681483755244174,'Alex_Wang','女','土木一'),(681985251882982,'張心瑜','女','外文四'),(683625235037983,'Sher_Choi','女','電機三'),(683987694995202,'林子安','女','電機四'),(684271191637015,'陳冠綸','女','物理二'),(684928074887644,'詹鈞翔','女','物理四'),(685306584894783,'黃宇宸','男','資工二'),(685649951470360,'Karla_Lam','女','電機一'),(685685034874651,'薛淳隆','女','土木四'),(687387547985070,'陳書慧','女','機械一'),(689584711090302,'Kelly_Huang','女','資工三'),(690591084330392,'Yun-wen_Huang','女','土木一'),(691500690910339,'翁筠茜','女','法律一'),(693279040718346,'袁紘禮','女','政治一'),(693681714072973,'林宣妤','男','機械二'),(697419810317297,'Tatum_Tu','女','物理三'),(697624016943285,'梁以琳','女','機械三'),(698421273530235,'許震','男','經濟三'),(699381120126749,'高章琛','女','會計三'),(700371183359962,'Peijun_Lee','女','國企二'),(703304513069821,'林郁芬','男','物理一'),(703675743046399,'王釧宇','女','工管一'),(703881556367754,'陳映璇','女','會計四'),(707018102726481,'吳婉瑜','女','機械一'),(707150082675111,'Paul_Chen','女','法律一'),(709684542428166,'Lisa_Chang','男','日文一'),(710398015678672,'李佳頤','女','國企一'),(712371952135513,'Sophi_Lin','女','資工三'),(714517458570621,'Chien_Julie','男','物理四'),(714828015237765,'林德昌','男','經濟三'),(715901385155484,'羅文晴','女','土木四'),(716997901693207,'Kelvin_Wu','女','土木一'),(717375658384578,'陳建良','男','政治二'),(718639618179994,'游翔惠','女','會計三'),(718856068171958,'Jhih-Bang_Hsieh','男','機械三'),(721631894597411,'洪仲言','女','日文一'),(721773797869300,'Sofia_Shih','女','國企三'),(722231287827852,'奧蘭吉','女','經濟二'),(723118847745128,'李柏憲','女','法律四'),(723243141104572,'Morris_Gwo','女','電機三'),(723752331021004,'Mengting_Hsieh','女','日文四'),(725149524246838,'遊思夷','女','法律四'),(725503220879661,'陳盈瑄','男','機械三'),(725743277448993,'Ophélia_Chao','女','土木三'),(726045320780585,'朱敏君','女','工管二'),(726260940765268,'伍子元','女','機械三'),(726335667389668,'蕭品柔','女','機械三'),(727186630698354,'林政余','女','土木四'),(727569550653184,'Chester_Chen','女','政治四'),(728502823839547,'Esther_Chuang','女','國企三'),(728636077243802,'謝佳穎','女','會計四'),(728806103823432,'Ong_Jun_Chii','女','法律二'),(729158397161246,'吳欣儒','男','會計四'),(729193853837583,'Alice_Chung','男','外文四'),(730598957047205,'Tony_Chao','女','外文三'),(731265620249815,'Amber_Ang_Songling','女','國企二'),(731908573498153,'戴子鈞','女','物理二'),(732131430142303,'林奇緣','女','資工三'),(733347993408853,'周承澤','女','法律四'),(733387273377000,'Jessie_Chien','男','經濟四'),(734593173264619,'Angelia_Lai','女','法律二'),(734880903246636,'Chia-Yi_Lin','女','政治四'),(735863609811001,'林宜蒨','女','機械二'),(736127233147868,'羅珮瑜','女','機械四'),(736218256461622,'莊仲崴','女','會計四'),(736764396420505,'劉珮柔','女','土木三'),(737147796306315,'陳珍瑩','女','會計二'),(737477042972371,'Max_Lee','男','工管三'),(739348682804637,'Yi_Ping_Yang','女','國企一'),(739364722787167,'蔡嘉菱','女','物理三'),(739892172738584,'Sunny_Tsai','女','政治二'),(739896932698067,'施淳耀','女','資工二'),(740097702736436,'林飛','男','電機二'),(740311742733458,'林柏瑋','女','物理二'),(742218229205855,'Gary_Shih','男','物理四'),(744391328971652,'Allison_Huang','男','會計四'),(745115845511626,'許瑞麟','女','工管四'),(745480295473983,'劉又豪','男','國企三'),(745647035520509,'林淑如','女','國企四'),(745778615485329,'張哲嘉','女','土木四'),(746903045386418,'Hương_Ly','女','法律三'),(748977775123335,'Jossie_Li','女','物理二'),(749975865025166,'王崧阡','男','經濟四'),(750679794973831,'Lynn_Lai','女','資工四'),(750906934942495,'XingYing_Wang','男','土木一'),(751007884954880,'林華宗','男','機械三'),(751381001549956,'謝競容','男','工管三'),(751435068212150,'林彥昌','女','工管一'),(751768664841165,'Ping_Hsuan_Liu','女','物理四'),(752670251453636,'Andrew_Shih','男','法律三'),(753571361328807,'陳巧玟','女','外文三'),(754071264683415,'劉彥均','男','法律三'),(755787311111047,'劉廷佑','女','工管二'),(756076181157222,'林晏汝','男','會計四'),(758237347532283,'朱郡廷','女','政治二'),(758602157495757,'柯齡甯','女','機械三'),(759185540786185,'李婕如','女','法律四'),(759873560771794,'蔡妙吟','女','土木三'),(761169583941683,'Panda_Wu','男','工管三'),(761264073921794,'武宣廷','女','會計三'),(761677330560090,'鄭韻如','女','法律一'),(762487847119070,'AnnAnn_Tseng','男','外文二'),(763650903674577,'郭功浩','男','國企一'),(764667656891632,'陳冠妤','男','國企一'),(764831633535216,'Bonnie_Hsieh','男','會計二'),(765849893439803,'Shiue_Chian_Tsai','女','法律四'),(765878893446056,'李晨瑜','女','政治四'),(766505430046928,'林佳瑄','女','會計一'),(767217169978549,'Anny_Yang','女','機械三'),(767327089954729,'Ching_O_Jhuo','女','國企一'),(767501586604192,'羅彣琳','女','日文四'),(767613796593941,'詹秉翰','男','機械一'),(767980889893348,'Shengyu_Liao','女','物理三'),(768622766491244,'Xing_Yu_Dong','女','會計四'),(769775749767411,'陳品妤','女','政治三'),(770495986328281,'王彥畯','女','土木一'),(770716166282675,'楊媃而','女','日文二'),(771843002857267,'李孟珊','女','日文一'),(772949806056277,'楊華淋','女','會計四'),(773207689365657,'Chang_Sherry','女','外文四'),(773422466030151,'呂晏','女','法律一'),(773612469394273,'李丹丹','男','日文二'),(773762449311424,'Ethel_Lin','女','電機一'),(774526479265297,'章可瑜','女','土木三'),(776008792419766,'林雨儂','女','法律四'),(776052275747272,'Min_Chang','女','國企一'),(776699015695823,'高偉智','女','國企三'),(776724095721523,'邱郁棋','女','經濟二'),(776759542347874,'劉妤柔','女','政治一'),(777316962278996,'YuRen_Liou','男','法律一'),(778123068865371,'林雁舷','男','物理四'),(778188985526665,'初盈','女','法律二'),(778452488833100,'David_Kang','男','工管三'),(780968308593074,'王郁棋','女','土木一'),(782016341816806,'Chen_Hsuan-ting','女','日文二'),(782511861761886,'周雋鄴','女','資工一'),(784311284921725,'何祐全','女','法律四'),(784414508243235,'林冠廷','女','政治一'),(784829394895441,'王亭予','女','電機四'),(785523594798786,'廖家妤','男','外文二'),(786304804726505,'黃家慧','女','國企二'),(788156217902520,'施岑穎','女','經濟二'),(789216384433828,'Ping-chi_Wang','男','經濟三'),(789884131034220,'Arwen_Tang','女','法律四'),(791297570889283,'范琨','女','工管一'),(793418367379620,'陳湘妤','男','土木三'),(795184040499488,'溫盛涵','男','電機四'),(795679287118618,'舒涵','女','土木四'),(796376943762659,'Joyce_You','男','法律一'),(796496093695557,'楊筌凱','女','日文二'),(796527440403604,'吳佩蓉','女','法律四'),(796972233656493,'楊翌昕','男','機械四'),(797063140313490,'鄭婷宇','男','國企三'),(797123300305643,'林麗珊','男','法律一'),(797706080270142,'Pin-Jui_Chen','女','機械三'),(797892596895256,'Minmin_Hsu','男','土木三'),(798785283490252,'張晏碩','女','物理一'),(799677483390716,'劉靜耘','女','國企二'),(801715649848197,'謝雨晴','女','土木二'),(802281383116737,'Sally_Chen','女','會計三'),(802771643078840,'Pin-Jui_Chen','女','物理二'),(803185059694666,'Huang_Shin','男','機械四'),(809956292395490,'何蔚慈','女','土木一'),(810205588997068,'De_Vin','女','日文三'),(810241238988627,'Pei_Yee','男','政治二'),(810682028953737,'周子丹','女','工管二'),(811085985622873,'陳榆芸','男','電機二'),(814898255226945,'Huang_Beeying','女','法律二'),(815426331820066,'李振寧','男','政治二'),(816498585080430,'陳靖雯','男','機械二'),(816978738325783,'Haoyun_Yu','男','工管二'),(817213564958560,'陳冠瑋','男','土木三'),(819492721427565,'Ariel_Lin','男','國企四'),(819643904732439,'Ken_Tsao','女','土木三'),(820871434593070,'Zih_Shian_Liao','女','電機二'),(822397337787721,'李欣穎','男','電機三'),(823775410978706,'黃培榕','女','會計四'),(824565614231390,'劉羿寬','女','工管三'),(826301254153723,'Annie_Liu','女','資工四'),(827703313907684,'魏君如','女','法律四'),(831160136897638,'Thomas_Ching-Wei_Tu','女','土木三'),(831840580162927,'郭佳恬','女','法律一'),(831996810161578,'蔡幸純','女','物理二'),(833142986710668,'楊東霖','女','機械三'),(833933386621598,'Frank_Hsieh','男','會計四'),(836508209696886,'魏榆臻','女','日文四'),(836542543026912,'Harry_Haung','女','經濟一'),(839351839422848,'賴怡君','男','法律四'),(841134619237138,'陳宏學','女','電機三'),(841244082555638,'Iris_Tsai','女','機械四'),(841733559192990,'黃采柔','女','資工三'),(842414539107738,'Phạm_Phú_Hiếu','女','法律二'),(843991688948982,'Shih-Yu_Wang','女','會計四'),(844211985660289,'Autumn_Hong','女','外文四'),(847601768588000,'楊景萱','男','經濟四'),(847882918565118,'王郁晴','女','工管四'),(848205391899146,'蔡雅因','男','法律三'),(848371105182801,'陳禹劭','女','會計一'),(849127405110318,'I-Ting_Weng','女','資工三'),(849971388381461,'洪念綺','女','外文一'),(850837084932270,'Lala_FiFi','女','資工一'),(851443981563870,'Lun_Chu','女','經濟四'),(852011321488644,'陳昱權','女','電機四'),(852996718046194,'Yuan_Ling_Liao','男','外文二'),(853291244684654,'Tracy_Tsai','女','國企四'),(854055141289242,'林郁芳','男','法律三'),(854520381228023,'Chia_Ho_Tsai','男','政治二'),(855180611161124,'Sarah_Hsiao','女','土木三'),(855409007899964,'Cherry_Tseng','女','物理四'),(855601941175598,'林筱真','女','物理二'),(857267010967078,'楊甯凱','女','會計一'),(857516480939159,'Shau_Ting','女','資工三'),(858651387484473,'Chang_Noah','男','工管二'),(858777497472245,'劉心揚','女','國企二'),(858877520886127,'黃語萱','女','國企二'),(859762000778902,'Shirley_Yu','男','電機三'),(860468147303592,'Yachi_Chang','女','物理一'),(863980090288780,'Sherry_Lin','女','資工四'),(864204133594046,'Jessica_Wong','女','國企二'),(865204283497845,'Su_Ki','女','工管三'),(865223603518638,'張梓裕','女','經濟一'),(865397656811309,'Ting-Jyun_Kuo','男','法律一'),(866066330134636,'蔡以樂','女','外文三'),(866456826721258,'Yen_Chun_Chen','男','資工二'),(874236659257241,'Emma_Jiang','男','經濟四'),(874601359262828,'鄭亦廷','女','日文二'),(874648632552453,'Yenting_Chen','女','會計二'),(874985192515509,'江品萱','女','資工四'),(876344975725432,'徐嘉亨','女','法律二'),(877567095642305,'Yirou_Lai','女','政治一'),(878443222172714,'Sandy_Chen','女','政治四'),(880160742011018,'Cindy_Ku','女','工管三'),(880500088630680,'蔡峻維','女','機械三'),(881282685220428,'吳柏毅','女','資工四'),(881399761932777,'Ruby_Lee','女','物理二'),(882211791796153,'連若馨','女','政治二'),(882630725086918,'Billy_Jhuang','女','政治一'),(882747288418668,'Ethan_Huang','女','土木一'),(884365481587215,'詹雅甯','男','土木三'),(887681334584665,'Yi-Ru_Lai','女','機械四'),(889015281114596,'俞亞楠','女','政治四'),(889569161056610,'Ayşegül_Wang','女','法律一'),(889911427692279,'李佳縉','女','物理一'),(890003134351923,'黃瑛','女','政治四'),(892061187474937,'賴靜茹','女','法律一'),(892705004147111,'李敬仁','女','法律四'),(892783500851619,'Döris_Lin','男','機械一'),(892873980736233,'陳榆','女','外文一'),(893014100720003,'Kevin_Chang','女','國企三'),(893334684014045,'吳亦翎','男','政治三'),(893389094020315,'Johnny_Liao','女','政治一'),(893896087298823,'Lisa_Jeng','女','國企二'),(895007147195591,'潘冠融','男','政治一'),(896038850423859,'李艾珩','女','國企三'),(904671346220987,'劉益彰','女','土木三'),(906216639413327,'Katrina_Huang','女','法律一'),(906698606014319,'黃偉誠','男','電機一'),(911741858837174,'Love_Cheng','女','電機二'),(916271078385151,'林家妤','女','物理一'),(917651484949645,'陳盈君','女','政治三'),(918593338154028,'Tattooweija_Wong','男','外文一'),(921461351226983,'Kung_Chung_Chun','女','經濟三'),(924449560905267,'吳薏芬','女','法律三'),(924711544287800,'Ginny_Chiang','女','機械三'),(925894407425070,'Chih-Wei_Fang','女','日文一'),(929507520414294,'張哲瑋','女','電機一'),(931991796823448,'王嘉','女','資工三'),(935280706487755,'池品儀','女','外文四'),(936444503110135,'黃茵','女','機械二'),(938544112833767,'賴浩恩','女','外文二'),(938899266123939,'潘怡嘉','女','電機三'),(939995579352671,'William_Lai','女','會計四'),(941048769258425,'Lew_Chen_Chang','女','政治一'),(941454342577875,'Evan_Hu','男','法律三'),(944821372210801,'Lotus_GiMi','男','法律二'),(947282525286437,'張硯程','女','法律三'),(950355521664018,'張鈞瑋','女','政治四'),(951073354922530,'夏世恩','男','土木二'),(956887164387107,'藍浩佑','女','外文一'),(959330840865731,'Yurika_Chung','男','資工三'),(961193727248304,'Yu-chun_Pan','女','政治二'),(962096400566348,'林佳琪','男','電機一'),(962962587053002,'陳在霆','女','日文三'),(968097406540027,'黃哲','女','法律一'),(976171452397555,'李瑞鈴','女','資工四'),(977070988990351,'Jhuang_Huei-ya','女','機械一'),(977610505600437,'鄭琳卉','女','機械二'),(978390962186865,'鄭孟勤','女','資工四'),(982195525139697,'Yuyu_Chen','女','電機三'),(999276940085924,'陳佩祺','女','外文三'),(1001507176533412,'Desmond_Teh','男','外文四'),(1006994992663564,'葉知瑜','女','電機一'),(1010130165675102,'張策越','女','土木一'),(1010719742278441,'Alvin_Tee','女','法律一'),(1011288912234509,'謝君君','女','日文二'),(1014442838619794,'許瓊方','男','會計三'),(1020823181267773,'李育儒','女','資工三'),(1021152291243818,'李荐軒','女','土木三'),(1031445040215828,'Sasa_Tsai','女','會計一'),(1044910358855478,'王德瑋','女','經濟四'),(1046551655359853,'Chien-Yu_Yang','女','電機二'),(1076045862412538,'Camo_Chan','女','工管四'),(1081896851835888,'De-rong_Chih','女','物理三'),(1084135534938349,'周益丞','女','經濟三'),(1084512708232935,'洪丟','男','資工一'),(1092818100732164,'Hsian_Wang_Wang','男','機械二'),(1108761179149613,'黃詩卉','女','政治三'),(1122664034418030,'Vessey_Lin','女','外文四'),(1145749938784610,'鄭吉強','男','資工四'),(1149479451732514,'Steven_Wong','男','會計四'),(1205949416100668,'郭柏均','女','經濟一'),(1410070862638640,'莊晨伶','女','物理三'),(1423238871312789,'王凡偉','女','土木二'),(1429298604023635,'吳俞叡','男','會計四'),(1430810657187748,'Bin_Ricky','男','經濟二'),(1438820913052054,'凱希趙','男','國企一'),(1445030525779641,'Andie_Yang','女','工管三'),(1446958032216874,'New_Che','女','土木二'),(1448164635503917,'Chua_Adeline','女','土木二'),(1463421560636917,'Sky_Lin','女','資工四'),(1470566463182776,'Sandy_Lee','女','法律一'),(1475360729443336,'Yvonne_Shen','女','會計四'),(1492270887670877,'Jyun-liang_Wu','女','土木四'),(1498690343676863,'廖守三','女','日文二'),(1501049993499116,'周玹平','女','資工一'),(1505267209689085,'張熙京','女','政治二'),(1505383376347113,'陳穎翰','女','資工四'),(1550698811829589,'劉家瑋','女','經濟四'),(1563092053937162,'Margaret_Liu','女','政治二'),(1564659540415097,'Éric_Kuo','女','法律三'),(1574098202813423,'陳嘉樂','女','法律四'),(1606132346280289,'Yen_Chen_Chen','男','政治一'),(1608169522742033,'CH_Sue','女','物理二'),(1643571332581265,'Bill_Huang','男','政治二'),(1654308234848491,'Hervin_Pinz','女','經濟一'),(1716673615323455,'黃云宣','男','機械三'),(10152388891558099,'Abbie_Cheng','男','電機一'),(10152463400620844,'Nick_Wu','女','電機四'),(10152473470579136,'Yu-Cheng_Shen','女','國企四'),(10152477682858044,'戴謹育','男','經濟四'),(10152803759421958,'Hsuan_Chi','男','機械一'),(10153101530508964,'Vivian_Lin','女','國企四'),(10200322706747324,'逸柔','女','土木四'),(10200982631166397,'林庭安','男','資工二'),(10201112800942670,'劉育名','男','日文三'),(10201181495538612,'Acer_Wang','女','電機四'),(10201218594865454,'Raven_Wong','男','資工三'),(10201269230527397,'Brin_Chan','女','會計四'),(10201331705929770,'吳欣佩','女','機械三'),(10201338915865840,'Guanyun_Lin','女','會計二'),(10201388923359055,'Lin_Shan','女','日文二'),(10201460132499904,'陳子恆','男','會計一'),(10201486466278051,'Jim_Chou','女','機械三'),(10201502958335052,'Wan-Chien_Weng','女','會計四'),(10201595259402064,'Leo_Wu','女','物理一'),(10201595431198897,'詹阿槓','男','機械二'),(10201641720563755,'Jacky_Lin','女','會計三'),(10201662167908092,'Geraldine_Ding','男','物理四'),(10201706096685603,'Faco_Fang','男','日文四'),(10201768595526458,'黃瑋怡','女','機械二'),(10201821877168710,'Cindy_Popo','女','經濟二'),(10201925985567387,'Ya-Chen_Lee','女','土木四'),(10202162959542004,'謝旻珊','女','物理二'),(10202164976100646,'Roger_W._Wu','男','土木三'),(10202359546144755,'Alesene_Chen','女','工管三'),(10202398249970213,'Tzeng_Agatha','女','資工一'),(10202643998436352,'Jimmy_Tsai','女','物理一'),(10202731340937838,'Chyi_Herng_Teh','女','會計三'),(10202787397234763,'沈瑞鍵','男','會計二'),(10202823544342972,'Joyce_Tsai','女','國企二'),(10202905067540425,'Mabel_Neo','男','電機四'),(10202908628150137,'劉芷含','女','日文四'),(10202939180453705,'Mira_Chu','女','電機一'),(10202980138224578,'Angela_Wu','女','機械一'),(10203025746383994,'Ray_Yu-Jui_Fan','女','機械三'),(10203053467393338,'薛又齐','女','電機二'),(10203148427190760,'陳庭','女','工管四'),(10203232542648674,'王琛','女','工管二'),(10203282084349289,'Sinyong_Hoo','男','法律三'),(10203588775743257,'吳庭戎','女','資工一'),(10203621192798335,'毛采月','女','外文三'),(10203868668029205,'盧坤謚','女','政治三'),(10204032518600014,'Rex_Liu','女','政治三'),(10204152134349891,'慕容魚','女','土木二'),(10204937910755866,'高若想','女','政治二'),(10205536332312310,'Carlos_Chen','男','經濟一'),(10205847262009404,'鍾筑因','女','工管三'),(10205975635524223,'Joyce_Kuo','女','會計三'),(10206631865662106,'Mei-Jyun_Chen','女','機械二');
/*!40000 ALTER TABLE `Student` ENABLE KEYS */;
UNLOCK TABLES;

--
-- Table structure for table `Time_Session`
--

DROP TABLE IF EXISTS `Time_Session`;
/*!40101 SET @saved_cs_client     = @@character_set_client */;
/*!40101 SET character_set_client = utf8 */;
CREATE TABLE `Time_Session` (
  `Session` varchar(30) NOT NULL,
  `Price` varchar(45) NOT NULL,
  PRIMARY KEY (`Session`)
) ENGINE=InnoDB DEFAULT CHARSET=utf8;
/*!40101 SET character_set_client = @saved_cs_client */;

--
-- Dumping data for table `Time_Session`
--

LOCK TABLES `Time_Session` WRITE;
/*!40000 ALTER TABLE `Time_Session` DISABLE KEYS */;
INSERT INTO `Time_Session` VALUES ('15:00~21:00','15'),('21:00~3:00','20'),('3:00~9:00','20'),('9:00~15:00','15');
/*!40000 ALTER TABLE `Time_Session` ENABLE KEYS */;
UNLOCK TABLES;
/*!40103 SET TIME_ZONE=@OLD_TIME_ZONE */;

/*!40101 SET SQL_MODE=@OLD_SQL_MODE */;
/*!40014 SET FOREIGN_KEY_CHECKS=@OLD_FOREIGN_KEY_CHECKS */;
/*!40014 SET UNIQUE_CHECKS=@OLD_UNIQUE_CHECKS */;
/*!40101 SET CHARACTER_SET_CLIENT=@OLD_CHARACTER_SET_CLIENT */;
/*!40101 SET CHARACTER_SET_RESULTS=@OLD_CHARACTER_SET_RESULTS */;
/*!40101 SET COLLATION_CONNECTION=@OLD_COLLATION_CONNECTION */;
/*!40111 SET SQL_NOTES=@OLD_SQL_NOTES */;

-- Dump completed on 2016-10-27  1:44:58
